id,first_name,last_name,email,country,favourite_colour
1,Jonathan,Watson,jwatson@wikivu.info,Isle of Man,#ca82c9
2,Lori,Kelly,lkelly@thoughtsphere.com,Nicaragua,#4d40c2
3,Scott,Schmidt,sschmidt@gabvine.info,Namibia,#beb12d
4,Ronald,Long,rlong@innoz.org,Japan,#84f5bd
5,Carol,Berry,cberry@twiyo.info,Comoros,#5dce33
6,Ashley,Stanley,astanley@eayo.net,Belgium,#8a73f2
7,Lori,Montgomery,lmontgomery@flashspan.info,Nigeria,#5d1f3f
8,Mildred,Collins,mcollins@youfeed.name,Sri Lanka,#20900f
9,Phyllis,Garrett,pgarrett@quire.info,Antarctica,#adb619
10,Kelly,Banks,kbanks@rhynyx.mil,Martinique,#4c056a
11,Katherine,Oliver,koliver@jaxbean.org,Qatar,#0b9fb2
12,Samuel,Peterson,speterson@myworks.info,Serbia,#b33b64
13,Jean,Murphy,jmurphy@trupe.gov,Iraq,#75f7b3
14,Jimmy,Barnes,jbarnes@feedbug.name,New Zealand,#5ab021
15,Sarah,Ward,sward@flipopia.name,Reunion,#9e53e9
16,Victor,Henderson,vhenderson@buzzshare.com,Montserrat,#550be8
17,Billy,Lopez,blopez@linktype.edu,Turks and Caicos Islands,#2f6cd6
18,Cheryl,Morrison,cmorrison@buzzdog.net,Andorra,#631587
19,Bruce,Johnston,bjohnston@fivechat.biz,Algeria,#dc9d34
20,Martin,Ramirez,mramirez@browsecat.info,Australia,#262107
21,Ralph,Murray,rmurray@eadel.gov,Antigua and Barbuda,#0fc37f
22,Helen,Morrison,hmorrison@viva.info,Cambodia,#d093ac
23,Phillip,Torres,ptorres@yabox.net,Pakistan,#4f2499
24,Billy,Lawson,blawson@oloo.mil,Bosnia and Herzegovina,#40e94a
25,Jean,Hill,jhill@gevee.edu,Solomon Islands,#f79760
26,Robert,Martinez,rmartinez@vipe.gov,Chile,#0948a4
27,Wayne,Mills,wmills@jumpxs.info,United Kingdom,#98ed2c
28,Shirley,Pierce,spierce@twitterworks.org,Guam,#8dc3a5
29,Martin,Marshall,mmarshall@minyx.net,Western Sahara,#f3de20
30,Irene,Ray,iray@fliptune.com,French Polynesia,#ab0eab
31,Lillian,Foster,lfoster@tazz.info,Kuwait,#d58486
32,Michael,Mitchell,mmitchell@meeveo.mil,French Guiana,#9f88a1
33,Bruce,Armstrong,barmstrong@reallinks.edu,New Zealand,#cdcfd2
34,Maria,Peterson,mpeterson@yata.net,Zimbabwe,#42bb50
35,Heather,Ortiz,hortiz@kazio.biz,Trinidad and Tobago,#c46dda
36,Phillip,Harper,pharper@tanoodle.name,"Palestinian Territory, Occupied",
37,Robin,Perry,rperry@lajo.edu,"Korea, North",#854f38
38,Phillip,West,pwest@yoveo.com,Botswana,#57d164
39,Clarence,Bennett,cbennett@flashdog.com,"Congo, Democratic Republic of",#d740bc
40,Alan,Morgan,amorgan@jabbersphere.edu,,#3812a5
41,Jack,Diaz,jdiaz@oyope.gov,Åland,#306162
42,Ronald,Alexander,ralexander@minyx.info,Guatemala,#a27dc9
43,Mary,Meyer,mmeyer@yoveo.org,Wallis and Futuna Islands,#af2a85
44,Arthur,Mills,amills@yakijo.com,Gabon,#ef577d
45,Wanda,Fuller,wfuller@avavee.com,Nauru,#cf1de9
46,Jacqueline,Jacobs,jjacobs@reallinks.edu,Mayotte,#3f6fb3
47,Cheryl,Greene,cgreene@thoughtbeat.com,Anguilla,#91bf17
48,Robert,Bradley,rbradley@feedfish.info,Palau,#3a3147
49,Marie,Allen,mallen@wikido.name,Tonga,#45cb4f
50,Victor,Little,vlittle@livez.edu,Cape Verde,#d99746
51,Beverly,Turner,bturner@vinder.org,Mayotte,#ca3a96
52,Charles,Shaw,cshaw@kare.org,Oman,#781dcb
53,Sara,Robertson,srobertson@plambee.biz,Malta,#5dab5c
54,James,Johnston,jjohnston@cogidoo.mil,Indonesia,#8dbf84
55,Janice,Miller,jmiller@linktype.name,French Southern Territories,#68de5b
56,Terry,Andrews,tandrews@skyndu.net,Belarus,#0eb9e4
57,Heather,Crawford,hcrawford@kwideo.name,Yugoslavia,#7a03ac
58,Alan,Lynch,alynch@photobug.edu,Dominica,#245ea3
59,Jason,Vasquez,jvasquez@oozz.edu,Hungary,#c60dca
60,Janet,Reynolds,jreynolds@livepath.edu,,#ede413
61,Diane,Meyer,dmeyer@nlounge.net,Chad,#f7481f
62,Catherine,Smith,csmith@gabtune.mil,Albania,#a92dff
63,Ronald,Lane,rlane@tavu.gov,Eritrea,#24832d
64,Julie,Carter,jcarter@ainyx.org,Mayotte,#0084cb
65,Annie,Ray,aray@meedoo.mil,Colombia,#b69c7a
66,Eric,Watson,ewatson@photobug.com,Saint Vincent and the Grenadines,#62d8d3
67,Jean,James,jjames@tambee.org,Lebanon,#70f2de
68,Wanda,Pierce,wpierce@agivu.biz,US Minor Outlying Islands,#31d7e1
69,Michael,Miller,mmiller@leenti.gov,Netherlands Antilles,#ad0afa
70,Diane,Holmes,dholmes@flashdog.info,Saudia Arabia,#dadbdc
71,Elizabeth,Graham,egraham@snaptags.com,Hong Kong,#ebf208
72,Chris,Lynch,clynch@riffpedia.name,Djibouti,#533e1a
73,Jose,Griffin,jgriffin@mydo.edu,Nigeria,#81275f
74,Louis,Foster,lfoster@brainfire.info,Turkey,#0a2c8c
75,Ann,Matthews,amatthews@leexo.mil,Nicaragua,#1a658d
76,Evelyn,Spencer,espencer@flipstorm.edu,China,#a229b4
77,Martha,Sullivan,msullivan@fatz.mil,Tonga,#8e8d8d
78,Jeremy,Shaw,jshaw@eidel.edu,Australia,#a95e29
79,Ryan,Dean,rdean@wordware.biz,Algeria,#2eab7c
80,Patricia,Romero,promero@kwideo.name,Guam,#655d07
81,Diane,Daniels,ddaniels@meevee.name,Anguilla,#b9885c
82,Charles,Warren,cwarren@voonte.com,Iraq,#d917f3
83,Howard,Patterson,hpatterson@linktype.gov,Kazakhstan,#5b7e68
84,Anne,Stephens,astephens@bubbletube.name,Tuvalu,#15f64d
85,Julie,Reed,jreed@twitterbridge.net,Vietnam,#69db23
86,Russell,Bradley,rbradley@dazzlesphere.mil,Nicaragua,#feef47
87,Gregory,Mason,gmason@twinder.gov,Isle of Man,#63cc9a
88,Elizabeth,Hughes,ehughes@zava.gov,Cyprus,#7a01ab
89,Jane,Flores,jflores@flipbug.info,Mayotte,#2a69d8
90,Jeremy,Kelley,jkelley@browsedrive.edu,Ukraine,#1c1ec1
91,Joe,Rodriguez,jrodriguez@zoovu.info,Serbia,#46a6a3
92,Stephanie,Miller,smiller@oodoo.org,Marshall Islands,#e71980
93,Adam,Richards,arichards@yakidoo.net,Christmas Island,#c80794
94,Heather,Hill,hhill@shuffledrive.name,Mongolia,#62e7f3
95,Juan,Wells,jwells@muxo.gov,Yemen,#a56066
96,Richard,Mills,rmills@tagchat.com,Singapore,#a3b401
97,William,Meyer,wmeyer@kimia.gov,Aruba,#7fd022
98,Christine,Fowler,cfowler@skalith.gov,Egypt,#b5de0c
99,Roy,Griffin,rgriffin@photobean.edu,French Southern Territories,#2f4b77
100,Joan,Freeman,jfreeman@demizz.com,Bouvet Island,#55a11d
101,Gregory,Stone,gstone@trilith.org,,#a86297
102,Mark,Gonzalez,mgonzalez@kazu.gov,Malaysia,#8b8c61
103,Albert,Jones,ajones@dynabox.org,French Southern Territories,#4e2c47
104,Helen,Hudson,hhudson@gabtype.info,Chad,#14bc8e
105,Denise,Owens,dowens@bubblemix.info,Vanuatu,#62291e
106,Lillian,Lane,llane@dynabox.name,"Korea, North",#5ee60e
107,Gloria,Griffin,ggriffin@browsebug.biz,Libya,#f24961
108,Philip,Wells,pwells@rhyloo.gov,Cuba,#165de2
109,Bruce,Flores,bflores@quimm.net,Cayman Islands,#a03777
110,Marilyn,Gordon,mgordon@tekfly.info,Latvia,#d16fab
111,Stephen,Little,slittle@flipbug.mil,Jordan,#f473d0
112,Michael,Pierce,mpierce@trudoo.info,,#993c21
113,Susan,Payne,spayne@realmix.mil,Switzerland,#8e922d
114,Theresa,Roberts,troberts@dynabox.org,Cocos (Keeling) Island,#ec10c2
115,Phillip,Bradley,pbradley@avavee.edu,Kenya,#572fa3
116,Helen,Warren,hwarren@oozz.edu,Egypt,#24aa28
117,Andrew,Cole,acole@zoombeat.biz,Ireland,#890038
118,Fred,Gray,fgray@meetz.biz,Argentina,#f4e5a6
119,James,Myers,jmyers@quatz.name,Cook Islands,#1ea61b
120,Mary,Powell,mpowell@jetwire.mil,Antigua and Barbuda,#874198
121,Betty,Stevens,bstevens@pixonyx.com,Vietnam,#08b59a
122,Christina,Hansen,chansen@jabbertype.org,Christmas Island,#18a6dd
123,Stephanie,Garza,sgarza@ailane.gov,Luxembourg,#62368a
124,Diane,Holmes,dholmes@quinu.info,Chile,
125,Kimberly,Sanchez,ksanchez@digitube.gov,Iceland,#583d30
126,Michael,Bradley,mbradley@meetz.name,Guam,#4f29c9
127,Harold,Martin,hmartin@quinu.mil,"Korea, North",#20e59c
128,Janet,Hughes,jhughes@dynabox.gov,Afghanistan,#15efaa
129,Gerald,Lopez,glopez@mynte.com,Pitcairn Island,#d8c9e4
130,Johnny,Stanley,jstanley@brightbean.info,New Zealand,#9579c8
131,Doris,Oliver,doliver@jumpxs.org,Iran,#5633e7
132,Daniel,Fuller,dfuller@zoovu.mil,Netherlands Antilles,#dbf574
133,Julia,Harper,jharper@skajo.info,Macau,#be9518
134,Sara,Wallace,swallace@skiba.com,Dominican Republic,#278c91
135,Ann,Sanders,asanders@twinder.net,"Palestinian Territory, Occupied",#7a3746
136,Ruby,Patterson,rpatterson@realbuzz.org,Saint Kitts and Nevis,#8551d6
137,Samuel,Bell,sbell@centimia.biz,Serbia,#fc8d12
138,Albert,Adams,aadams@twitterbridge.net,Mauritius,#d92a5b
139,Virginia,Sims,vsims@feedfish.info,Laos,#f5b6a9
140,Carlos,Alvarez,calvarez@skimia.org,Uganda,#306a35
141,Timothy,Baker,tbaker@dablist.biz,,#fcf087
142,Phyllis,Hernandez,phernandez@kanoodle.org,Russia,#f577ae
143,Kathy,Willis,kwillis@zoomdog.com,Tonga,#a96245
144,Nicole,Allen,nallen@skinder.name,Turkey,#ebbe67
145,Michael,Mason,mmason@eamia.info,Bahrain,#c94a6e
146,Ashley,Gutierrez,agutierrez@linkbridge.gov,Albania,#e66b8b
147,Martin,Riley,mriley@innojam.net,Martinique,#0df00b
148,Louis,Wells,lwells@nlounge.info,French Southern Territories,#43c6ce
149,Frances,Perry,fperry@cogilith.net,Kazakhstan,#8540b9
150,Laura,Campbell,lcampbell@vinder.com,Switzerland,#8f1425
151,Gregory,Holmes,gholmes@gigashots.mil,Saint Barthelemy,
152,Aaron,Perry,aperry@demimbu.gov,United Arab Emirates,#547dc7
153,Kenneth,Morris,kmorris@tagcat.biz,Colombia,#f189f5
154,Carl,Fields,cfields@plajo.com,Vietnam,#7baee2
155,Michael,Taylor,mtaylor@zazio.gov,Estonia,#a15651
156,Bobby,Jones,bjones@thoughtbeat.org,Maldives,#c56ecd
157,Ann,Wheeler,awheeler@eadel.biz,Panama,#b95901
158,Carlos,Cole,ccole@lazzy.biz,Guernsey,#1064ee
159,Steve,Dean,sdean@zoomlounge.org,Mauritius,#d93417
160,Thomas,Hill,thill@yadel.net,Heard and McDonald Islands,#3b1986
161,Shawn,Taylor,staylor@tanoodle.mil,Guam,#336e65
162,Evelyn,Duncan,eduncan@agimba.net,Denmark,#f4ad96
163,Timothy,Fox,tfox@oba.info,Montenegro,#92cd8f
164,Martha,Scott,mscott@meejo.org,Wallis and Futuna Islands,#c6b196
165,Donald,Anderson,danderson@mynte.biz,Kiribati,#639b73
166,Jack,Gutierrez,jgutierrez@ntag.net,Guinea-Bissau,#df2d28
167,Richard,Welch,rwelch@aimbo.gov,Madagascar,#ff9053
168,Scott,Cooper,scooper@dabz.gov,Tokelau,#c780f1
169,Anne,Wright,awright@vinder.name,,#458025
170,Jonathan,Sanchez,jsanchez@quire.mil,Marshall Islands,#84f046
171,Tina,Banks,tbanks@flipbug.mil,Montserrat,#1db73e
172,Terry,Dunn,tdunn@jaxbean.biz,Senegal,#787cbf
173,George,Ruiz,gruiz@trudeo.net,Croatia,#8e7112
174,Alice,Gonzalez,agonzalez@kwinu.mil,United States of America,#f0ef8a
175,Teresa,Hansen,thansen@photobug.gov,,#f31b48
176,Joshua,Butler,jbutler@rhynyx.biz,,#a364db
177,Paula,Gordon,pgordon@jetwire.com,Iceland,#4dc8d9
178,Kenneth,Ross,kross@realmix.biz,Kiribati,#7220fb
179,Ralph,Sanchez,rsanchez@lazz.mil,Iran,#306d4d
180,Timothy,Collins,tcollins@tanoodle.com,Burkina Faso,#db8594
181,Emily,Wright,ewright@babbleset.name,Cameroon,#c17d3a
182,Albert,Butler,abutler@dabshots.com,France,#ccb5cf
183,Cynthia,Smith,csmith@wikibox.org,Sao Tome and Principe,#1b20de
184,Antonio,Harrison,aharrison@rhyzio.com,Belgium,
185,Nicole,Hall,nhall@topiclounge.net,Hungary,#3a924e
186,Deborah,Powell,dpowell@jazzy.info,"Palestinian Territory, Occupied",
187,Margaret,Riley,mriley@rhycero.biz,South Africa,#bbec65
188,Jack,Graham,jgraham@meejo.info,Estonia,#52dfeb
189,Kimberly,Riley,kriley@topicstorm.edu,Swaziland,#53e463
190,Gerald,Crawford,gcrawford@mybuzz.com,Guinea,#16f29c
191,Martha,Martin,mmartin@browsebug.name,Bangladesh,#19f989
192,Andrea,Hernandez,ahernandez@twitterwire.biz,Montenegro,#c9391d
193,Nancy,Cole,ncole@gabvine.mil,China,#742347
194,Frank,Allen,fallen@devshare.edu,Kyrgyzstan,#f5881f
195,Kelly,Duncan,kduncan@thoughtbeat.com,Eritrea,#506a6b
196,Philip,Austin,paustin@devpoint.edu,South Africa,#cb34bc
197,Howard,Tucker,htucker@meedoo.name,Germany,#38447a
198,Doris,Foster,dfoster@devify.mil,Turkmenistan,#b1859d
199,Jonathan,Harper,jharper@photobean.net,Thailand,#46fd56
200,Carolyn,Lawrence,clawrence@mynte.net,"Congo, Republic of",#879565
201,Paul,Greene,pgreene@shuffletag.com,French Polynesia,#259d59
202,Rebecca,Knight,rknight@youspan.info,Moldova,#acc5f6
203,James,Bowman,jbowman@dynabox.edu,Turkey,
204,Peter,Stephens,pstephens@agimba.com,French Polynesia,#410055
205,Phyllis,Reyes,preyes@cogidoo.name,Tonga,#548e31
206,Adam,White,awhite@youopia.gov,Suriname,#6bcab4
207,Annie,Gonzales,agonzales@feedbug.mil,Finland,#8facc6
208,Howard,Harvey,hharvey@browsezoom.net,Macedonia,#4e4f29
209,Pamela,Watkins,pwatkins@fatz.info,Venezuela,#cc1919
210,Sara,Jackson,sjackson@twitterbridge.biz,Iran,#b4f349
211,Helen,Hunter,hhunter@meeveo.com,Costa Rica,#02fc5a
212,Rachel,Foster,rfoster@topicware.edu,Vietnam,#55c5bf
213,Frank,Burns,fburns@edgeify.mil,Estonia,#fb9579
214,Laura,Frazier,lfrazier@devpoint.com,Saint Kitts and Nevis,#93bcbc
215,Heather,Miller,hmiller@bluejam.org,Norfolk Island,#976509
216,Carolyn,Gutierrez,cgutierrez@bluejam.mil,Timor-Leste,#0a8b47
217,Cheryl,Bennett,cbennett@dabshots.name,Mexico,#e18444
218,Wanda,Alvarez,walvarez@ozu.com,Somalia,#f4a698
219,Linda,Freeman,lfreeman@skiptube.gov,Israel,#02e61d
220,Doris,Sullivan,dsullivan@agimba.mil,Tokelau,#de5239
221,Rebecca,Ruiz,rruiz@jayo.info,Czech Republic,#4857a0
222,Melissa,Ferguson,mferguson@wikibox.info,Niue,#9f86a0
223,Jessica,Young,jyoung@photobean.name,Gibraltar,#49310a
224,Linda,Mendoza,lmendoza@voolith.info,Saudia Arabia,#2a2606
225,Louis,Garcia,lgarcia@photobean.info,Cook Islands,#bdef0b
226,Ernest,Baker,ebaker@thoughtbridge.mil,Iran,#fdb2b4
227,Harry,Webb,hwebb@roodel.gov,Cambodia,#9b1c39
228,Carl,Cole,ccole@skyndu.name,Dominica,#915e9f
229,Jane,Wright,jwright@zoonoodle.info,Wallis and Futuna Islands,#1b2cac
230,Thomas,Carpenter,tcarpenter@wordware.org,Algeria,#9fe052
231,Laura,Snyder,lsnyder@browsecat.name,Kyrgyzstan,#c31f6c
232,George,Hunter,ghunter@linkbridge.org,Trinidad and Tobago,#ec87ec
233,Billy,Jackson,bjackson@muxo.info,Senegal,#adb418
234,Amanda,Hamilton,ahamilton@centizu.biz,Guinea,#3ee8a2
235,Frank,Carpenter,fcarpenter@yodel.name,Guyana,#dfa1f6
236,Patrick,Carroll,pcarroll@wordify.info,Armenia,#363247
237,Willie,Thompson,wthompson@mymm.gov,Zambia,#92a2b7
238,Karen,Foster,kfoster@oozz.mil,Mali,#2e2d30
239,Judith,Nguyen,jnguyen@demivee.net,Peru,#679dee
240,Anna,Woods,awoods@meemm.edu,Slovakia,#6ccd42
241,Alice,Lawson,alawson@mycat.net,Bahrain,#b2f2df
242,Kathleen,James,kjames@brainfire.net,Macedonia,#22844b
243,Donna,Rice,drice@thoughtstorm.name,Liberia,#4eaf71
244,Sandra,Stephens,sstephens@realbridge.mil,Benin,#120ada
245,Jeremy,Harris,jharris@camimbo.biz,Sao Tome and Principe,#a8b71f
246,Bruce,Hudson,bhudson@skyvu.com,New Zealand,#94c198
247,Christine,Weaver,cweaver@jaxworks.mil,Niue,#3f3bff
248,Judy,Brooks,jbrooks@edgeclub.gov,Mayotte,#be2334
249,Howard,Crawford,hcrawford@brainbox.org,Nauru,#684e0b
250,Pamela,Webb,pwebb@eare.gov,Saint Pierre and Miquelon,#1f06b1
251,Judith,Perez,jperez@topiclounge.net,,#aa1552
252,Philip,Schmidt,pschmidt@shuffledrive.name,Belize,#1df7dc
253,Jean,Ramirez,jramirez@skivee.mil,Tokelau,#44216e
254,Carlos,Price,cprice@vinder.org,Puerto Rico,#517979
255,Norma,Little,nlittle@jaxworks.gov,Saint Lucia,#8aff04
256,Rose,Reyes,rreyes@browsezoom.mil,Netherlands,#26f8d9
257,Sandra,Rose,srose@skyba.mil,Nigeria,#84f2a1
258,Raymond,Reynolds,rreynolds@tagcat.mil,Aruba,#bb8065
259,Joan,Woods,jwoods@eimbee.info,Bulgaria,#4a801e
260,Johnny,Daniels,jdaniels@bluejam.info,Gabon,#0b98b2
261,Karen,Butler,kbutler@gabtype.com,San Marino,#e253d5
262,Jason,Jacobs,jjacobs@myworks.net,Kazakhstan,#5cc48c
263,Elizabeth,Lee,elee@feedmix.com,Western Sahara,#c99f97
264,Kathleen,Dean,kdean@youspan.biz,Greenland,#78eaaa
265,Maria,Gardner,mgardner@eabox.net,Aruba,#16f7b3
266,Evelyn,Meyer,emeyer@gabtune.gov,Falkland Islands (Malvinas),#9ccb7d
267,Juan,Jacobs,jjacobs@dablist.biz,Grenada,#7ad07d
268,Pamela,Wilson,pwilson@meevee.net,,#8f6436
269,Denise,Boyd,dboyd@jaxworks.com,France,#9861d5
270,Jonathan,Knight,jknight@fivechat.mil,French Guiana,#da465c
271,Daniel,Freeman,dfreeman@mita.mil,Bulgaria,#4744f1
272,Maria,Cooper,mcooper@bluejam.name,Paraguay,#163d7a
273,Randy,Reyes,rreyes@devpoint.biz,Portugal,#eb0e0e
274,Ashley,Reid,areid@dabfeed.mil,Burundi,#9ed264
275,Chris,Fox,cfox@feednation.org,Saudia Arabia,#0d130a
276,Juan,Kennedy,jkennedy@rhynyx.org,Madagascar,#7b1544
277,Terry,Baker,tbaker@cogibox.com,Lithuania,#0f4efe
278,Brian,Perez,bperez@brainbox.org,Armenia,#eec2cd
279,Ernest,Kelley,ekelley@zoozzy.org,Belize,#ad6c5e
280,Craig,Chavez,cchavez@jumpxs.org,"Congo, Democratic Republic of",#7dc702
281,Annie,Grant,agrant@demizz.edu,Taiwan,#ff2136
282,Lawrence,Reid,lreid@tanoodle.mil,Pitcairn Island,#499183
283,Catherine,Weaver,cweaver@reallinks.edu,Poland,#900a09
284,Janet,Marshall,jmarshall@tagtune.biz,Spain,#ae1641
285,Doris,Welch,dwelch@thoughtblab.mil,Netherlands,#aa542a
286,Dorothy,Gardner,dgardner@skimia.info,Croatia,#0d6b54
287,Lois,Bailey,lbailey@skinix.gov,Iran,#14693c
288,Helen,Adams,hadams@babbleset.net,Jordan,#e414d2
289,Philip,Gordon,pgordon@zooxo.mil,Eritrea,#9ea0e7
290,Norma,Watson,nwatson@gabspot.org,Antarctica,#2f9981
291,Raymond,Marshall,rmarshall@livefish.name,Guyana,#efd7a7
292,Paula,Watkins,pwatkins@livetube.info,Uganda,#f2a96f
293,Matthew,Perry,mperry@browsedrive.com,Northern Mariana Islands,#74846f
294,Emily,Gonzalez,egonzalez@skiptube.gov,Bulgaria,#12b369
295,Jessica,Hanson,jhanson@yozio.name,Tonga,#cbd3dd
296,Roy,Oliver,roliver@roombo.com,Germany,#eb56ec
297,Mark,Carpenter,mcarpenter@oodoo.edu,Guernsey,#948784
298,Rachel,Richardson,rrichardson@wordware.edu,Saint Pierre and Miquelon,#4200a5
299,Catherine,Howell,chowell@photobean.biz,Morocco,#a9aaa1
300,Arthur,Cole,acole@browsezoom.gov,Comoros,#4173a3
301,Jessica,Thompson,jthompson@tagcat.com,Malawi,#082cbe
302,Judith,Mccoy,jmccoy@livetube.mil,Togo,#33d8fd
303,Kelly,Johnston,kjohnston@gabtype.com,Thailand,#3d4a12
304,Laura,Lee,llee@fatz.mil,Niger,#0f32e0
305,Heather,Wagner,hwagner@yambee.name,Venezuela,#64734a
306,Lawrence,Garza,lgarza@yozio.org,Libya,#b7852f
307,Adam,Fuller,afuller@wikibox.biz,Central African Republic,#f20a5e
308,Dennis,Sullivan,dsullivan@aivee.biz,Brunei Darussalam,#56ca6f
309,Beverly,Watson,bwatson@skibox.mil,US Minor Outlying Islands,#d61ef9
310,Jeremy,Long,jlong@vipe.org,Poland,#712e7a
311,Cheryl,Fisher,cfisher@dynabox.gov,Ghana,#986667
312,Norma,Lynch,nlynch@feedspan.mil,Burundi,#5d48e7
313,Gerald,Nichols,gnichols@fiveclub.name,Iraq,#049095
314,Amanda,Baker,abaker@thoughtmix.edu,Macedonia,#b76aa3
315,Ashley,Vasquez,avasquez@yata.mil,Turkmenistan,#605e18
316,Louis,Murphy,lmurphy@fivespan.name,United Kingdom,#368dba
317,Robert,Hernandez,rhernandez@quamba.biz,Saint Vincent and the Grenadines,#abf6eb
318,Jacqueline,Hunt,jhunt@dazzlesphere.mil,Suriname,#70fa82
319,Bonnie,Carter,bcarter@yakijo.net,Vietnam,#cd7b18
320,Jack,Medina,jmedina@tekfly.net,Panama,#3882d6
321,Daniel,Black,dblack@browsetype.info,Wallis and Futuna Islands,#ebb23e
322,Amanda,Washington,awashington@jabbertype.com,Cocos (Keeling) Island,#52ef4d
323,Helen,Hunter,hhunter@kimia.edu,Tunisia,#4a5710
324,Douglas,Brooks,dbrooks@babbleset.edu,Belgium,#daa1b5
325,Jason,Roberts,jroberts@jaxnation.name,Kenya,#1bbfe3
326,Julia,Gibson,jgibson@skyvu.biz,Ethiopia,
327,Edward,Fernandez,efernandez@devbug.com,Greenland,#8d9d60
328,Jane,Ferguson,jferguson@trilia.com,Israel,#9dfe5e
329,Joan,Garza,jgarza@dynabox.name,Yemen,#c86d79
330,George,Bishop,gbishop@skyvu.biz,Cameroon,#db8b1f
331,Alan,Spencer,aspencer@abata.org,Ascension Island,#636886
332,Andrew,Harper,aharper@yakitri.edu,Algeria,#79658e
333,Howard,Gutierrez,hgutierrez@browsebug.name,Isle of Man,#98eaf0
334,Doris,Mills,dmills@rooxo.net,Iraq,#88eea2
335,Jesse,Simmons,jsimmons@vitz.mil,Brazil,#0968de
336,Norma,Miller,nmiller@meeveo.info,Vietnam,#522648
337,Lawrence,Kelly,lkelly@shuffledrive.name,Russia,#6e958d
338,Cheryl,Larson,clarson@tanoodle.net,Netherlands,#f6283a
339,Joyce,Sims,jsims@flipopia.info,Tajikistan,#3c103e
340,Alan,Richards,arichards@zava.name,Isle of Man,#3b5eb9
341,Ruth,Chapman,rchapman@ailane.edu,United Kingdom,#50e47d
342,Marie,Jacobs,mjacobs@jaxworks.biz,Sweden,#263b12
343,Frances,Shaw,fshaw@livepath.mil,Laos,#7f2ad4
344,Steve,Vasquez,svasquez@skalith.org,Saint Kitts and Nevis,#9de9fe
345,Norma,Parker,nparker@skynoodle.name,Brunei Darussalam,#7c8b78
346,Johnny,Little,jlittle@mydo.gov,American Samoa,#6435b1
347,William,Andrews,wandrews@jaxnation.com,Montenegro,#15baa6
348,Harry,Banks,hbanks@browseblab.name,Belarus,#aa2cd9
349,Maria,Hansen,mhansen@abatz.name,Ukraine,#9e157d
350,Eugene,Murray,emurray@jetpulse.org,Maldives,#2e6a1c
351,Brian,Gutierrez,bgutierrez@meevee.com,Saudia Arabia,#133966
352,Alice,Morrison,amorrison@wordify.biz,Andorra,#5a40f4
353,Karen,Kennedy,kkennedy@brainverse.biz,Spain,#df1b40
354,Barbara,Montgomery,bmontgomery@photobean.name,Monaco,#14ae52
355,Annie,Holmes,aholmes@centidel.info,Philippines,#5c4d18
356,Laura,James,ljames@youopia.biz,South Africa,#cf980a
357,Janet,Meyer,jmeyer@brainbox.gov,Vatican City State (Holy See),#c67b95
358,Annie,Phillips,aphillips@gabcube.mil,Luxembourg,#03a3d7
359,Emily,Ramirez,eramirez@meevee.name,Solomon Islands,#1084f9
360,Shawn,Rodriguez,srodriguez@skidoo.info,Namibia,#5d8d94
361,Donald,Chavez,dchavez@linkbridge.mil,Guam,#fa5b4d
362,Robert,Bennett,rbennett@jabbertype.net,,#2ceb83
363,Joyce,Rodriguez,jrodriguez@skyndu.com,Micronesia,#8cf3b6
364,Stephen,Webb,swebb@tazzy.info,Belgium,#274180
365,Todd,Henry,thenry@yoveo.info,Turkmenistan,#5ac6e2
366,Bruce,Edwards,bedwards@thoughtblab.com,Antigua and Barbuda,#b8baba
367,Andrew,Hayes,ahayes@voolia.com,South Georgia and the South Sandwich Islands,#ac4a1a
368,Judith,Gilbert,jgilbert@leenti.biz,Saudia Arabia,#d9bcb2
369,Andrew,Price,aprice@kwinu.mil,Costa Rica,#3ed21c
370,Matthew,Henry,mhenry@jabbersphere.net,Belarus,#2a83ee
371,Christopher,Meyer,cmeyer@plambee.mil,Reunion,#d0a2cf
372,Bonnie,Murray,bmurray@thoughtstorm.info,Czech Republic,#dde9de
373,Antonio,Sanders,asanders@einti.com,USSR,#723ca1
374,Christine,Gonzales,cgonzales@oyonder.biz,China,#45dbbb
375,Laura,Gonzales,lgonzales@trudeo.mil,Taiwan,#67a4db
376,Jesse,Bowman,jbowman@blogtags.biz,Nicaragua,#5013b5
377,Jack,Montgomery,jmontgomery@twitterbridge.org,Eritrea,#dda8f2
378,Gregory,Larson,glarson@linklinks.net,Tanzania,#178aa1
379,Christina,Romero,cromero@edgepulse.com,Tajikistan,#85a18e
380,Daniel,West,dwest@topiclounge.name,Armenia,#20e1a7
381,Kevin,Price,kprice@edgeblab.mil,Barbados,#5aecbd
382,Robin,Reid,rreid@eamia.com,Haiti,#058bc2
383,Craig,Peters,cpeters@jumpxs.net,Luxembourg,#ccb744
384,Jonathan,Riley,jriley@talane.biz,Myanmar,#115aac
385,Joshua,Mills,jmills@thoughtmix.gov,Ethiopia,#349b6d
386,Kathy,Schmidt,kschmidt@yakitri.biz,United Kingdom,#f6f0fa
387,Eric,Olson,eolson@yoveo.com,Turkey,#9f9817
388,Diana,Black,dblack@bubblebox.edu,Sierra Leone,#21afb4
389,Ronald,Kelley,rkelley@tagcat.gov,Cyprus,#6a6483
390,Carlos,Elliott,celliott@myworks.name,Nepal,#662f06
391,Raymond,Mason,rmason@browsetype.name,Svalbard and Jan Mayen Islands,#2845bc
392,Brandon,Hunt,bhunt@voomm.name,Togo,#90bf26
393,Edward,Bailey,ebailey@lazz.info,Paraguay,#c68526
394,James,Fox,jfox@rhyzio.net,Jersey,#ac50f7
395,Michelle,Thomas,mthomas@bluejam.net,Mauritius,#d80c79
396,Cheryl,Davis,cdavis@gabtune.name,Serbia,#b5aab4
397,Chris,Howard,choward@realcube.name,Saint Martin,#4c3301
398,Carlos,Howard,choward@edgepulse.com,Morocco,#981291
399,Deborah,Hall,dhall@jazzy.mil,Sweden,#583b45
400,Nicholas,Moore,nmoore@reallinks.info,Afghanistan,#7ac392
401,Earl,Rogers,erogers@blogtags.com,Panama,#33e73a
402,Johnny,Owens,jowens@fliptune.org,,#4c081c
403,Billy,Lee,blee@quinu.info,Isle of Man,#38e313
404,Lori,Adams,ladams@jetwire.com,Andorra,#05154e
405,Judith,Crawford,jcrawford@eare.info,Sudan,#33eef8
406,Mark,Allen,mallen@quimba.name,,#abb056
407,Bruce,Perry,bperry@rhyzio.biz,Ukraine,#e64f63
408,Helen,Holmes,hholmes@skyble.edu,Uzbekistan,#4de8f6
409,Willie,Burton,wburton@zoovu.net,"Palestinian Territory, Occupied",#ed6082
410,Sarah,Mcdonald,smcdonald@avavee.name,Azerbaijan,#5c044d
411,Louis,Sanders,lsanders@miboo.org,Macedonia,#aa003d
412,Helen,Watson,hwatson@skyble.net,Denmark,#4de061
413,Helen,Kelley,hkelley@jabbersphere.edu,Cambodia,#f93f7e
414,Stephen,Foster,sfoster@yabox.gov,Niue,#8464be
415,Wayne,Perkins,wperkins@twitterworks.net,Cook Islands,#848aeb
416,Steven,Lee,slee@tazz.org,Reunion,#4a11ae
417,Jack,Mcdonald,jmcdonald@blogpad.org,Turkey,#29c389
418,Anne,Knight,aknight@voomm.gov,French Southern Territories,#39986b
419,Bruce,Morales,bmorales@jetpulse.org,Luxembourg,#53a83a
420,Donna,Ford,dford@meetz.com,Luxembourg,#3c312f
421,Scott,Garrett,sgarrett@ntag.name,Georgia,#52200a
422,Wanda,Torres,wtorres@digitube.mil,Uzbekistan,#8dc838
423,Joshua,Franklin,jfranklin@topicstorm.net,Madagascar,#ffa29f
424,Helen,Gomez,hgomez@tagcat.edu,Seychelles,#a85d35
425,Mary,Flores,mflores@divape.net,India,#065761
426,Gary,Olson,golson@brainlounge.net,Namibia,#c6d078
427,Janice,Burns,jburns@jaxworks.biz,Malta,#97effb
428,Judith,Kim,jkim@kanoodle.net,Canada,#af1dd9
429,Emily,Marshall,emarshall@trupe.edu,Qatar,#7c35eb
430,Anne,Robinson,arobinson@skiba.net,Portugal,#4f5f83
431,Karen,Hall,khall@tazzy.name,Liechtenstein,#abf486
432,Gloria,Carpenter,gcarpenter@dynava.com,Ghana,#408c97
433,Larry,Henry,lhenry@fiveclub.com,Tanzania,#e02a66
434,Joseph,Austin,jaustin@babblestorm.org,Bahrain,#35d72f
435,Jonathan,Woods,jwoods@brightdog.gov,Tunisia,#969904
436,Jeffrey,Brown,jbrown@devshare.info,Western Sahara,#2ac9e7
437,Pamela,Martin,pmartin@twitterlist.net,,#dea57f
438,Annie,Harper,aharper@geba.gov,Gibraltar,#ee7736
439,Phyllis,Dean,pdean@nlounge.name,Iceland,#be9d41
440,Nicholas,Kennedy,nkennedy@camido.name,Jordan,#53cfdc
441,Tina,Parker,tparker@zoonoodle.com,French Polynesia,#d0e640
442,Rachel,Lawson,rlawson@vimbo.gov,Norfolk Island,#ad0333
443,Nancy,Harrison,nharrison@oyoloo.edu,Solomon Islands,#f4fdba
444,Shawn,Lawrence,slawrence@fliptune.name,Cocos (Keeling) Island,#9edfd3
445,Jack,Kelly,jkelly@brainbox.org,Comoros,#694b78
446,Roy,Boyd,rboyd@jayo.edu,Bolivia,#9c94d9
447,Joe,Dean,jdean@jetwire.edu,,#553b64
448,Michael,Lopez,mlopez@brainbox.name,Mali,#1c1c60
449,Teresa,Daniels,tdaniels@jaxbean.mil,Sweden,#165b82
450,Ashley,Fisher,afisher@aimbo.info,,
451,Michael,Cox,mcox@kaymbo.org,Vatican City State (Holy See),#ec6630
452,Robin,Hunt,rhunt@trudeo.name,Norfolk Island,#912ff6
453,Marie,Carr,mcarr@vinder.mil,Czech Republic,#549dda
454,Karen,Harper,kharper@brightbean.mil,Sudan,#c606ca
455,Larry,Day,lday@skimia.mil,Mayotte,#40a8bc
456,Amanda,Mcdonald,amcdonald@jaxnation.mil,American Samoa,#352f3f
457,Jose,West,jwest@photojam.edu,Rwanda,#4c6b3d
458,Juan,Simmons,jsimmons@skimia.gov,Australia,#5f61cb
459,Alice,Austin,aaustin@katz.name,Sudan,#766b30
460,Betty,Powell,bpowell@shuffledrive.name,New Caledonia,#d60d4f
461,Annie,Harris,aharris@pixonyx.gov,Czech Republic,#e029b8
462,Wayne,Pierce,wpierce@cogilith.name,Chile,#ebc514
463,Carolyn,Larson,clarson@realcube.info,Qatar,#930b01
464,Ashley,Fuller,afuller@blogtags.info,Lithuania,#019906
465,Jeffrey,Howard,jhoward@flipopia.info,British Virgin Islands,#4a0c8b
466,Dennis,Wells,dwells@roodel.mil,Bahrain,#afa362
467,Marie,Martin,mmartin@tagchat.gov,Saint Barthelemy,#393503
468,Ann,Mitchell,amitchell@jazzy.name,Pakistan,#9ada2b
469,Kathleen,Ellis,kellis@linkbridge.org,San Marino,#a2c494
470,Sean,Edwards,sedwards@zazio.com,Antarctica,#17f2fd
471,Ryan,Nguyen,rnguyen@jetpulse.gov,Tuvalu,#8e238d
472,Thomas,Perez,tperez@muxo.gov,Guatemala,#26e788
473,Catherine,Simpson,csimpson@twitterworks.info,El Salvador,#9b0797
474,Antonio,Howard,ahoward@rhyzio.com,Barbados,#06e3ff
475,Emily,Williams,ewilliams@trudeo.info,Djibouti,#51a111
476,Willie,Gray,wgray@twimm.gov,Yemen,#547837
477,Jonathan,Perkins,jperkins@jabbersphere.net,Angola,#729e4c
478,Jeffrey,Webb,jwebb@kwideo.com,Jordan,#1596f8
479,James,Dunn,jdunn@devshare.net,Chad,#4e0aa8
480,Barbara,George,bgeorge@topicware.gov,Equatorial Guinea,#942250
481,Roger,Morales,rmorales@jabbersphere.mil,Romania,#67bae7
482,Gloria,Stevens,gstevens@quimm.com,Netherlands Antilles,#0a2975
483,Juan,Carroll,jcarroll@eire.biz,Ethiopia,#7cee98
484,Betty,Wilson,bwilson@thoughtsphere.edu,Japan,#e430d0
485,Alice,Gutierrez,agutierrez@katz.info,Armenia,#6fe5c1
486,Richard,Day,rday@quaxo.gov,Taiwan,#3fd2db
487,Shawn,Harper,sharper@fivespan.info,Malta,#445439
488,Dorothy,Allen,dallen@innojam.info,Kenya,#8ecae6
489,Carol,Wells,cwells@flipstorm.edu,Samoa,#12d0f4
490,Jeremy,Larson,jlarson@agimba.gov,Greece,#3dac64
491,Jessica,Wood,jwood@dabjam.com,Eritrea,#f69978
492,Karen,Sullivan,ksullivan@jabbersphere.com,San Marino,#f2fec0
493,Janet,Carpenter,jcarpenter@browsebug.name,Ireland,#3e05c6
494,Bruce,Williamson,bwilliamson@linktype.info,Netherlands Antilles,#30a6e2
495,Jennifer,Ferguson,jferguson@roomm.mil,Burundi,#c8f726
496,Melissa,Stanley,mstanley@flipstorm.net,Turkey,#fb4a51
497,Kathy,Williamson,kwilliamson@wikizz.edu,Estonia,#5cc5bb
498,Cheryl,Elliott,celliott@zoomcast.info,British Virgin Islands,#503182
499,Scott,Austin,saustin@skyble.biz,American Samoa,#49a92e
500,Kelly,Morgan,kmorgan@kimia.gov,"Palestinian Territory, Occupied",#8276d5
501,Jeffrey,Hamilton,jhamilton@zoomlounge.edu,French Polynesia,#7652ee
502,Rose,Porter,rporter@realfire.name,Germany,#25afdb
503,Sean,Hudson,shudson@yodoo.gov,El Salvador,#b67855
504,Beverly,Peterson,bpeterson@wordify.mil,Romania,#e6c2bb
505,Elizabeth,Wheeler,ewheeler@yoveo.mil,Zimbabwe,#5bdc08
506,Sean,Gilbert,sgilbert@talane.edu,Honduras,#c3cdc0
507,Phyllis,Richards,prichards@topicshots.biz,Isle of Man,#1ffc92
508,Tammy,Diaz,tdiaz@rhyloo.gov,Martinique,#297909
509,Kimberly,Ramos,kramos@ozu.info,Sri Lanka,#95fee3
510,Lillian,Hall,lhall@yamia.gov,Ghana,#ad8495
511,Maria,Wheeler,mwheeler@myworks.net,Haiti,#d1a1eb
512,Rachel,Perry,rperry@fatz.net,Dominican Republic,#0c251a
513,Richard,Pierce,rpierce@devbug.net,Dominica,#c8e4e8
514,Donna,Martin,dmartin@oyondu.net,Bahamas,#8b7f11
515,Denise,West,dwest@katz.com,Solomon Islands,#dfdbb4
516,Sean,Johnston,sjohnston@jayo.name,Zimbabwe,#5cdfca
517,Wayne,Stanley,wstanley@feedfish.com,Saint Pierre and Miquelon,#be4190
518,Daniel,Hawkins,dhawkins@demizz.info,Switzerland,#6ae86c
519,Kathryn,Cox,kcox@abata.org,Kazakhstan,#53cbee
520,Bonnie,Gonzales,bgonzales@zava.com,Samoa,#98ad6b
521,Antonio,Ruiz,aruiz@linklinks.info,Guadeloupe,#28dcc6
522,Jacqueline,Cox,jcox@shufflebeat.name,Morocco,#f82c32
523,Peter,Hunt,phunt@zoozzy.org,Morocco,#87a574
524,Anthony,Moreno,amoreno@edgetag.net,Anguilla,#5765d4
525,Chris,Rivera,crivera@dynabox.edu,Saint Martin,#70cd26
526,Roy,Henry,rhenry@jetwire.com,Seychelles,#fb8199
527,Janice,Vasquez,jvasquez@skidoo.mil,Taiwan,#96f0fd
528,Mary,Wells,mwells@chatterbridge.org,Eritrea,#91c9bb
529,Janet,Bishop,jbishop@centidel.name,Tokelau,#db571f
530,Jason,Murphy,jmurphy@zoomdog.com,Sudan,#b8fe7b
531,Billy,Garcia,bgarcia@kwinu.biz,Cuba,#716e7f
532,Linda,Jackson,ljackson@izio.mil,Guam,#f74e0d
533,Paula,Riley,priley@pixonyx.gov,Aruba,#19f7cd
534,Keith,Woods,kwoods@vinte.com,Ethiopia,
535,Stephen,Armstrong,sarmstrong@innojam.info,Sudan,#8d5733
536,Andrew,Cole,acole@kayveo.org,,#98e81a
537,Marilyn,Henry,mhenry@thoughtstorm.biz,Cook Islands,#300e0a
538,Carolyn,Baker,cbaker@layo.biz,Macedonia,#b76b7f
539,Arthur,Austin,aaustin@vimbo.edu,Isle of Man,#288b96
540,Doris,Watkins,dwatkins@skaboo.biz,Italy,
541,Paul,Banks,pbanks@twiyo.gov,Portugal,#9ec15f
542,Terry,Foster,tfoster@thoughtworks.info,Falkland Islands (Malvinas),#75e184
543,Ronald,Larson,rlarson@jaxnation.edu,Nigeria,#a066ee
544,Marilyn,Franklin,mfranklin@thoughtbridge.net,Burundi,#76f7ec
545,Kathy,Ford,kford@skajo.info,Guadeloupe,#5631e6
546,Elizabeth,Nguyen,enguyen@skyndu.com,Trinidad and Tobago,#211f2b
547,Carlos,Peters,cpeters@flipstorm.net,"Congo, Republic of",#b43524
548,Jean,Ward,jward@agimba.net,Kazakhstan,#94f52b
549,Brenda,Medina,bmedina@ainyx.com,France,#af3566
550,Julie,Jackson,jjackson@shuffledrive.info,Liberia,#c5956b
551,Gerald,Griffin,ggriffin@devpulse.net,Vanuatu,#5bb8c0
552,Carl,Gordon,cgordon@feedbug.net,Faroe Islands,#17beb4
553,Andrew,Ramirez,aramirez@realpoint.gov,"Korea, North",#7a6d95
554,Robert,Perry,rperry@cogilith.net,Lebanon,#96a5a7
555,Jonathan,Bennett,jbennett@ntags.com,Macedonia,#b15afd
556,Larry,Evans,levans@centidel.name,Seychelles,#e5f6c3
557,Maria,Meyer,mmeyer@vimbo.biz,Tokelau,#cf64a0
558,Joseph,Reynolds,jreynolds@yadel.info,Saint Kitts and Nevis,#355c40
559,Pamela,Hunt,phunt@youspan.net,Canada,#551c9f
560,Judith,Cook,jcook@avaveo.mil,Syria,#59d5fc
561,Stephanie,Nichols,snichols@jabbercube.mil,Western Sahara,#08b889
562,Johnny,Alvarez,jalvarez@zoombox.gov,Lesotho,#592964
563,Lori,Marshall,lmarshall@youspan.info,Bermuda,#0511ea
564,Mary,Stewart,mstewart@kazu.name,Suriname,#229730
565,Mildred,Cooper,mcooper@skyble.org,Niger,#26d282
566,Julie,Boyd,jboyd@yoveo.biz,Saint Barthelemy,#af27fb
567,Thomas,Hanson,thanson@meevee.org,Kazakhstan,#740948
568,Stephen,Hall,shall@devshare.org,Hong Kong,#f97265
569,Joseph,Powell,jpowell@yata.gov,Kyrgyzstan,#28b442
570,Antonio,Watson,awatson@mymm.biz,Bhutan,#ef17e6
571,Paula,Murray,pmurray@shuffletag.net,Georgia,#79afdb
572,Juan,Mendoza,jmendoza@quire.org,Gabon,#cad3e6
573,Deborah,Little,dlittle@einti.gov,South Africa,#e2fd47
574,Susan,Cooper,scooper@avamba.edu,Myanmar,#ed7f52
575,Ashley,Ross,aross@eamia.org,Niue,#5c5349
576,Jason,Welch,jwelch@mydeo.gov,Western Sahara,#9e3140
577,Michelle,Alexander,malexander@jetwire.org,Ecuador,#881985
578,Patrick,Dixon,pdixon@trilia.net,El Salvador,#23800b
579,Kenneth,Peterson,kpeterson@aibox.info,Vietnam,#2805d9
580,Anna,Freeman,afreeman@ooba.com,Chile,#fbac66
581,Stephen,Franklin,sfranklin@oyonder.name,Saint Vincent and the Grenadines,#d359f7
582,Virginia,Kelly,vkelly@skyndu.mil,Slovenia,#fc2690
583,Robert,Elliott,relliott@muxo.mil,Georgia,#90bada
584,Cheryl,Ruiz,cruiz@npath.edu,Russia,#f15358
585,Emily,Carr,ecarr@tagtune.gov,Cyprus,#371e85
586,Betty,Hawkins,bhawkins@jazzy.biz,Grenada,#f43743
587,Stephanie,Brooks,sbrooks@blogtags.net,Saint Lucia,#1ba56c
588,Joyce,Flores,jflores@oloo.gov,Trinidad and Tobago,#e640de
589,Adam,Adams,aadams@tambee.org,Chad,#f3a8bf
590,Antonio,Jones,ajones@twiyo.info,"Palestinian Territory, Occupied",#537807
591,Scott,Gray,sgray@yakitri.mil,United States of America,#c47299
592,Kathryn,Hunt,khunt@feedspan.biz,Chile,#e27681
593,Frances,Dixon,fdixon@gigazoom.mil,Nepal,#2e39c2
594,Jose,Brown,jbrown@shuffletag.name,Guadeloupe,#78ce5d
595,Stephen,Barnes,sbarnes@yodel.mil,Moldova,
596,Tammy,Parker,tparker@brightdog.org,Bhutan,#50e739
597,Kathryn,Lynch,klynch@nlounge.info,Morocco,#b19037
598,Fred,Shaw,fshaw@voonyx.edu,Kiribati,#6d732b
599,Phillip,Kelly,pkelly@meedoo.info,Northern Mariana Islands,#5e8123
600,Roger,Morales,rmorales@topiczoom.org,Guam,#40d0d1
601,Craig,Gonzalez,cgonzalez@edgepulse.org,Bhutan,#4e5ad9
602,Diane,Armstrong,darmstrong@fadeo.info,Trinidad and Tobago,#8990a7
603,Sarah,Vasquez,svasquez@oyoloo.org,Macedonia,#02fdd9
604,Debra,Cruz,dcruz@blogtags.edu,Guernsey,#fdf867
605,Heather,Anderson,handerson@youspan.info,Turks and Caicos Islands,#fab6c6
606,Laura,Wheeler,lwheeler@zava.name,Armenia,#fb3406
607,James,Lewis,jlewis@flashspan.info,Cape Verde,#c386c7
608,Gregory,Price,gprice@zazio.com,Gibraltar,#af6707
609,Dennis,Davis,ddavis@avavee.edu,Germany,#7f3e4c
610,Norma,Simpson,nsimpson@dabz.mil,,#bb4afa
611,Wayne,Sanders,wsanders@babbleopia.biz,,#ea197e
612,Ryan,Webb,rwebb@vinder.biz,Kuwait,#34924c
613,Gloria,Burke,gburke@izio.biz,Guam,#236bfd
614,James,Robertson,jrobertson@meevee.name,Venezuela,#f9786d
615,Frank,Garrett,fgarrett@mymm.net,Cote d'Ivoire,#cb4046
616,Andrew,Powell,apowell@chatterbridge.info,Egypt,#19bd16
617,John,Stewart,jstewart@fatz.biz,Spain,#918a4d
618,Mary,Mason,mmason@brainfire.net,Grenada,#d68dfd
619,Joshua,Gutierrez,jgutierrez@tagchat.name,Cameroon,
620,Carl,Rodriguez,crodriguez@browseblab.info,Timor-Leste,#817545
621,Doris,Dixon,ddixon@trilith.com,Israel,#05726f
622,Phyllis,Morales,pmorales@trudeo.mil,Gibraltar,#df87bd
623,Melissa,Stone,mstone@jaxnation.edu,Bhutan,#18d71a
624,Terry,Robinson,trobinson@brightdog.mil,Eritrea,#d78bab
625,Tina,Alexander,talexander@jayo.name,Faroe Islands,
626,Jeffrey,Hernandez,jhernandez@edgeify.name,Guadeloupe,#127eed
627,Jimmy,Wagner,jwagner@rhynoodle.com,Oman,#cc3150
628,Larry,Gomez,lgomez@yambee.mil,Tonga,#a526dc
629,Edward,Snyder,esnyder@oyope.com,,#5320e1
630,Alice,Bowman,abowman@brainverse.mil,Turks and Caicos Islands,#10dce9
631,Jerry,Kim,jkim@realbuzz.org,Cook Islands,#01df66
632,Melissa,Gray,mgray@youbridge.mil,Georgia,#531903
633,Sarah,Reed,sreed@snaptags.edu,Cape Verde,#558f25
634,Chris,Ellis,cellis@jatri.info,Bangladesh,#485e74
635,Matthew,Reid,mreid@oyope.info,Maldives,#006275
636,Henry,Turner,hturner@realbridge.edu,Martinique,#112161
637,Ryan,Bradley,rbradley@rhyzio.gov,Brunei Darussalam,#525bdc
638,Ronald,Owens,rowens@topdrive.biz,Saint Vincent and the Grenadines,#dc11f9
639,Andrea,Dean,adean@rhyloo.mil,Portugal,#30a2ea
640,Helen,Morrison,hmorrison@fivechat.com,,#b834aa
641,Doris,Spencer,dspencer@eimbee.mil,Lithuania,#cd2df1
642,Amy,Ferguson,aferguson@oyondu.name,,#24673b
643,Diane,Jenkins,djenkins@ntag.net,Kyrgyzstan,#5b6cbb
644,Lillian,Gibson,lgibson@thoughtstorm.biz,Zimbabwe,#5e69b7
645,Phillip,Reynolds,preynolds@oyoyo.edu,Italy,#39dba8
646,Howard,Porter,hporter@edgewire.name,Namibia,#f4b7e9
647,John,Flores,jflores@roomm.net,Denmark,#660f02
648,Bonnie,Graham,bgraham@blogxs.mil,Suriname,#1067c5
649,Roy,Andrews,randrews@flashdog.gov,Sudan,#7646bd
650,Jean,Hanson,jhanson@twinder.mil,Cook Islands,#5262d1
651,Margaret,Russell,mrussell@thoughtstorm.com,Bahamas,#243501
652,Harold,Johnston,hjohnston@livepath.name,Iceland,#987126
653,Donald,Sullivan,dsullivan@yacero.org,Kazakhstan,#04bb7a
654,Billy,Warren,bwarren@oyope.edu,Burundi,#ab2a03
655,Paula,Gibson,pgibson@twitterbeat.gov,Cuba,#8d4c50
656,George,Rogers,grogers@oyondu.net,Costa Rica,#9e2f70
657,Marilyn,Gordon,mgordon@lajo.info,Argentina,#ead97b
658,Beverly,Duncan,bduncan@quinu.name,Morocco,#6d0876
659,Willie,Mcdonald,wmcdonald@dynava.org,Saint Vincent and the Grenadines,#ad5295
660,Sarah,Jenkins,sjenkins@bubblemix.edu,Saint Kitts and Nevis,#fa3255
661,Edward,Gordon,egordon@oyoloo.net,Taiwan,#da6d16
662,Billy,Moore,bmoore@aimbo.info,Turks and Caicos Islands,#5f3f95
663,Henry,Reyes,hreyes@tazz.edu,Timor-Leste,#0fcb33
664,Kathleen,Webb,kwebb@feedspan.info,Moldova,#bf85be
665,Juan,Hawkins,jhawkins@flipopia.com,Oman,#3e1829
666,Earl,Wheeler,ewheeler@youtags.mil,South Africa,#535b00
667,Steven,Fisher,sfisher@yacero.biz,Estonia,#2ade61
668,Kenneth,Wood,kwood@nlounge.com,Cape Verde,#cf861c
669,Jennifer,Mason,jmason@thoughtsphere.info,Yemen,#38d216
670,Justin,Hanson,jhanson@skipfire.name,Eritrea,#da948f
671,Pamela,Ross,pross@kaymbo.biz,Luxembourg,#1d117a
672,Sean,Hunt,shunt@dabfeed.org,Italy,#c4ae38
673,Andrea,Williamson,awilliamson@dabfeed.name,Switzerland,#641db8
674,Thomas,Rogers,trogers@kwilith.info,Turks and Caicos Islands,#3d945b
675,Emily,Rice,erice@innojam.org,Qatar,#d7d4cd
676,Gloria,Perry,gperry@kayveo.biz,Nepal,#8fdc3b
677,Theresa,Myers,tmyers@feedspan.mil,Slovakia,#007342
678,Irene,Russell,irussell@twinder.org,Honduras,#60d6fc
679,Bruce,Austin,baustin@yotz.name,Jersey,#92012e
680,Lawrence,Bishop,lbishop@browsetype.name,Antigua and Barbuda,#4d68d6
681,Ronald,Perez,rperez@leexo.net,Saint Pierre and Miquelon,#7e3530
682,Diane,Wallace,dwallace@realbuzz.biz,Guyana,#04c513
683,Diane,Richardson,drichardson@photolist.biz,San Marino,#a9a477
684,Deborah,Barnes,dbarnes@topicware.biz,Marshall Islands,#93e095
685,Marie,King,mking@buzzster.net,,#fca2ed
686,Raymond,Jackson,rjackson@buzzster.edu,Macau,#5faa18
687,Douglas,Washington,dwashington@wordware.edu,Bahamas,#f1f6b7
688,Russell,Bryant,rbryant@yambee.info,Swaziland,#f9b3f9
689,Lillian,Murphy,lmurphy@vinder.mil,Somalia,#feb1b4
690,Stephen,West,swest@gabvine.net,Norway,#7c0adb
691,Carolyn,Ferguson,cferguson@roomm.biz,Zimbabwe,#8fd504
692,Justin,Castillo,jcastillo@dazzlesphere.info,Saint Pierre and Miquelon,#e387cc
693,Sharon,Watkins,swatkins@jabbercube.mil,Malaysia,#c3c543
694,Rebecca,Stanley,rstanley@feednation.mil,Sudan,#4eb205
695,Sean,Richardson,srichardson@edgetag.com,Samoa,#6bd673
696,Maria,Wells,mwells@gabspot.biz,Tuvalu,#0638f6
697,Lois,Grant,lgrant@photobug.net,Namibia,#1628bb
698,Judith,Howard,jhoward@pixope.gov,Kyrgyzstan,#cd6ff7
699,Chris,Griffin,cgriffin@eayo.info,Cambodia,#773ae4
700,Andrea,Simmons,asimmons@yakidoo.info,Italy,#fd0c4a
701,Tina,Griffin,tgriffin@meezzy.gov,Venezuela,#b170b1
702,Carl,Stephens,cstephens@quinu.info,Myanmar,#feba10
703,Mildred,Williamson,mwilliamson@jatri.info,Togo,#4a78cd
704,Mary,Watson,mwatson@buzzshare.info,Nigeria,#cc4f27
705,Kevin,Powell,kpowell@wikizz.biz,Oman,#cbc13c
706,James,Robertson,jrobertson@topdrive.name,Jamaica,#f91c57
707,Harold,Cox,hcox@voonix.gov,Togo,#de38cd
708,Christina,Simpson,csimpson@devcast.mil,American Samoa,#806335
709,Kimberly,Martinez,kmartinez@katz.com,,#09e9f9
710,Carlos,Warren,cwarren@brainsphere.info,Kiribati,#04612e
711,Rachel,Clark,rclark@voolith.com,Latvia,#ef41fb
712,Diana,Armstrong,darmstrong@photospace.name,Kiribati,#e7d17f
713,Antonio,White,awhite@nlounge.net,Falkland Islands (Malvinas),#bb36da
714,Gary,Foster,gfoster@dabfeed.net,Honduras,#17c339
715,Roy,Bradley,rbradley@tekfly.info,Guadeloupe,#79ee80
716,Jason,Garcia,jgarcia@demivee.info,Dominican Republic,#d47c66
717,Ann,Gordon,agordon@brainverse.info,Ecuador,#da9be3
718,Johnny,Taylor,jtaylor@aimbo.org,Croatia,#590fd6
719,Larry,Wells,lwells@gabvine.com,Gambia,#29eed6
720,Pamela,Chavez,pchavez@trunyx.biz,Dominica,#e0ae64
721,Karen,Burton,kburton@rhycero.info,Japan,#c39532
722,Benjamin,Burton,bburton@thoughtworks.info,Poland,#b03803
723,Andrea,Ramos,aramos@rhyzio.edu,Guernsey,#fca35c
724,Cheryl,Turner,cturner@flipstorm.name,Falkland Islands (Malvinas),#b6e6e1
725,Katherine,Sims,ksims@lajo.net,Iraq,#013b15
726,Robert,Little,rlittle@jabbersphere.mil,Ethiopia,#e778b8
727,Eugene,Ward,eward@kwideo.org,Indonesia,#ade99c
728,Earl,Porter,eporter@oyoba.gov,Chile,#b47ed4
729,Willie,Willis,wwillis@mudo.mil,Bulgaria,#cb070a
730,Donna,White,dwhite@blogspan.net,Vietnam,#e2b211
731,Helen,Davis,hdavis@eadel.net,Ireland,#2034c9
732,Juan,Boyd,jboyd@gigaclub.mil,Thailand,#a8dff8
733,Antonio,Hayes,ahayes@topiczoom.name,Namibia,#4c94f4
734,Dennis,Taylor,dtaylor@flashpoint.org,Burundi,#d28a27
735,Gloria,Montgomery,gmontgomery@dabtype.org,Saudia Arabia,#ef2393
736,Ralph,Payne,rpayne@avavee.org,Heard and McDonald Islands,#8b6a6f
737,Kathryn,Jones,kjones@voolith.mil,,#a2e43d
738,Julia,King,jking@gabtune.gov,Morocco,#39851c
739,Roy,Oliver,roliver@feednation.info,,#3aa5c7
740,Lillian,Hicks,lhicks@vipe.com,Colombia,#d9e70b
741,Susan,Lawson,slawson@yacero.com,France,#c7b41d
742,Frank,Gomez,fgomez@ainyx.mil,Slovakia,#022635
743,Debra,Bell,dbell@avaveo.edu,British Virgin Islands,#7ab0e5
744,Amanda,Wells,awells@meevee.com,Vatican City State (Holy See),#a771bb
745,Brenda,Banks,bbanks@kazio.mil,Liberia,#32e5da
746,Paul,Boyd,pboyd@skynoodle.net,Ecuador,#65e0bf
747,Robert,Campbell,rcampbell@edgeclub.biz,Puerto Rico,#700d0c
748,Beverly,Stevens,bstevens@kwilith.edu,"Congo, Republic of",#4e23fb
749,Judith,Nguyen,jnguyen@thoughtblab.name,Yugoslavia,#1691b9
750,Denise,Gibson,dgibson@skimia.gov,Madagascar,#8f4e0a
751,Albert,West,awest@ozu.biz,Timor-Leste,#f4a7e4
752,Amanda,Rice,arice@edgeblab.name,Guatemala,#d40ca5
753,Howard,Burke,hburke@npath.biz,Sri Lanka,#aef1d2
754,Tina,Ramos,tramos@youtags.com,Hungary,#6f32d9
755,Dorothy,Hughes,dhughes@browsedrive.org,Belgium,#9ce6ae
756,Julia,Spencer,jspencer@ntags.net,Czech Republic,#52e675
757,Billy,Nichols,bnichols@blognation.net,Honduras,#9251c9
758,Ann,Clark,aclark@centidel.edu,Portugal,#e6f285
759,Phillip,Weaver,pweaver@eare.com,Kiribati,#8114b9
760,Rebecca,Turner,rturner@shufflebeat.org,Heard and McDonald Islands,
761,Alice,West,awest@yakidoo.com,Morocco,#59bb3d
762,Judith,Parker,jparker@voonte.com,Bermuda,#0c7d7c
763,Julie,Sullivan,jsullivan@miboo.com,Guadeloupe,#74879d
764,Linda,Cunningham,lcunningham@zooveo.biz,Ireland,#cf7cd7
765,Howard,Ford,hford@zoonder.org,Colombia,#e1aac1
766,Betty,Lopez,blopez@kwilith.gov,French Polynesia,#e51943
767,Jonathan,Davis,jdavis@jaxbean.edu,Bermuda,#95fec7
768,Lillian,Garrett,lgarrett@chatterbridge.mil,French Guiana,#0c6aab
769,Richard,Austin,raustin@leenti.com,"Korea, South",#6963b0
770,Rachel,Mccoy,rmccoy@linkbuzz.net,Cape Verde,#3d7024
771,Debra,Alvarez,dalvarez@feedbug.biz,Brazil,#2d2ae9
772,Denise,Castillo,dcastillo@babbleset.net,Uzbekistan,#4fa13a
773,Nancy,Walker,nwalker@mynte.org,"Congo, Republic of",#33a103
774,Rachel,Walker,rwalker@brainlounge.org,Colombia,#ada910
775,Maria,King,mking@jabbersphere.gov,Armenia,#bfa356
776,Dennis,Gonzales,dgonzales@teklist.org,Bhutan,#7d1d19
777,Anne,Kennedy,akennedy@meeveo.mil,Norfolk Island,#7f2bd6
778,Douglas,Crawford,dcrawford@realblab.org,Kiribati,#c8e190
779,Earl,Moore,emoore@oyoba.com,Indonesia,#c42d72
780,Maria,Shaw,mshaw@oloo.org,Laos,#76a4da
781,Deborah,Ross,dross@einti.mil,US Minor Outlying Islands,#f36f12
782,Henry,Rodriguez,hrodriguez@gigashots.edu,Somalia,#b113db
783,Janice,Hunt,jhunt@livepath.name,Netherlands Antilles,#d34448
784,Jesse,Rice,jrice@twimm.mil,French Polynesia,#bb755b
785,Harry,Fernandez,hfernandez@tagchat.info,Bouvet Island,#22a79f
786,Joe,Arnold,jarnold@yakidoo.com,Monaco,
787,Mary,Carroll,mcarroll@devshare.com,Moldova,#00fc5d
788,Thomas,Franklin,tfranklin@dynabox.com,Eritrea,#c1ba47
789,Anna,Russell,arussell@eazzy.gov,Malta,#8b8c84
790,Carol,Clark,cclark@youbridge.com,Kyrgyzstan,
791,Sarah,Morales,smorales@browseblab.com,Bhutan,#ffc04a
792,Gregory,Diaz,gdiaz@omba.org,American Samoa,#255408
793,Cheryl,Austin,caustin@meezzy.org,Saint Helena,#a96c18
794,Lori,Matthews,lmatthews@edgeblab.info,Libya,#66e637
795,George,Griffin,ggriffin@avavee.mil,Mauritania,#adcebd
796,Joshua,Torres,jtorres@zoomzone.com,Burkina Faso,#da65e6
797,Ann,Scott,ascott@feedfish.mil,Swaziland,#770b46
798,Tammy,Thompson,tthompson@innotype.mil,Latvia,#dff93d
799,Judy,Cunningham,jcunningham@innojam.com,Lesotho,#188f45
800,Barbara,Wright,bwright@skaboo.info,Italy,#be8619
801,Catherine,Turner,cturner@riffwire.info,Niger,#abade6
802,Victor,Fox,vfox@fliptune.com,Armenia,#482ee5
803,Tammy,Black,tblack@gigashots.info,Saint Pierre and Miquelon,#d05d23
804,Teresa,Ramos,tramos@mydeo.org,Iceland,#24edbf
805,Timothy,Berry,tberry@mita.name,Swaziland,#0b6b8d
806,Maria,Perry,mperry@lajo.name,Netherlands Antilles,#e5c408
807,Frances,Fields,ffields@rhyloo.gov,Grenada,#4c4b61
808,Linda,Morrison,lmorrison@katz.biz,Grenada,#476c46
809,Christopher,Perry,cperry@skajo.com,Niue,#556b4b
810,Ruth,Harper,rharper@fivebridge.name,Saint Helena,#00cb7c
811,Cheryl,Alvarez,calvarez@fivechat.edu,Slovenia,#23bfaa
812,Susan,Schmidt,sschmidt@flipopia.com,Monaco,#d96545
813,Benjamin,Flores,bflores@camimbo.name,Bulgaria,#124ac4
814,Gloria,Dixon,gdixon@eimbee.edu,Botswana,#682928
815,Christopher,Peterson,cpeterson@livez.gov,Comoros,#25a826
816,Wayne,Crawford,wcrawford@dabfeed.com,Timor-Leste,#9b4a5f
817,Nicholas,Garrett,ngarrett@yambee.biz,Swaziland,#1571b8
818,Margaret,Dunn,mdunn@thoughtbeat.name,Japan,
819,Laura,Mccoy,lmccoy@buzzbean.net,Andorra,#fec194
820,Thomas,Perry,tperry@bluezoom.mil,Paraguay,#59661c
821,Jean,Robinson,jrobinson@meeveo.org,Netherlands,#bd5e44
822,Katherine,Black,kblack@edgeclub.org,Lithuania,#7052fe
823,Kathryn,Murray,kmurray@quamba.org,Somalia,#6d9f93
824,George,Wagner,gwagner@buzzdog.name,Greenland,#b90b35
825,Elizabeth,Fox,efox@vidoo.org,Brunei Darussalam,#8ecd49
826,Lois,Wheeler,lwheeler@dablist.gov,Zambia,#a0ca08
827,Martha,Gomez,mgomez@quinu.com,Rwanda,#24903d
828,Nancy,Morrison,nmorrison@buzzdog.org,South Africa,#b9fd74
829,Diane,Thompson,dthompson@yacero.mil,Egypt,#a3c7f6
830,Carol,Armstrong,carmstrong@buzzshare.net,Niger,#f60033
831,Carolyn,Mason,cmason@dynabox.edu,New Zealand,#f57478
832,Sandra,Fuller,sfuller@skiptube.info,Mali,#bcf2e9
833,Margaret,Ford,mford@viva.com,Norfolk Island,#3be885
834,Earl,Jacobs,ejacobs@kare.gov,Åland,#ddc0dc
835,Annie,Ferguson,aferguson@wikido.edu,Benin,#31c346
836,Jesse,Rogers,jrogers@voomm.info,Guernsey,#1c1587
837,Julie,Gardner,jgardner@wikibox.net,Panama,#61598a
838,Angela,Porter,aporter@brainbox.name,Netherlands,#48b599
839,Dennis,Roberts,droberts@zooveo.org,,#c5f43e
840,Joe,Wilson,jwilson@dabshots.biz,Lebanon,#87d727
841,Roy,Russell,rrussell@edgepulse.org,,#8e8d18
842,Chris,Garcia,cgarcia@bluejam.mil,,#d44e5d
843,Jacqueline,Burns,jburns@wikido.com,Mongolia,#824061
844,Earl,Morrison,emorrison@flashpoint.mil,Russia,#169816
845,Ryan,Grant,rgrant@ainyx.name,Singapore,#7482be
846,Wanda,Weaver,wweaver@yodoo.info,Philippines,#36f78c
847,Todd,Martinez,tmartinez@roombo.org,Brazil,#23e6b3
848,Helen,Coleman,hcoleman@dynabox.biz,Turkey,#644d5b
849,Arthur,Carr,acarr@yambee.mil,Vietnam,#02fdf3
850,Amanda,Duncan,aduncan@browseblab.net,New Caledonia,#b0b281
851,Fred,Kennedy,fkennedy@vipe.gov,Madagascar,#309d74
852,Debra,Sanchez,dsanchez@edgeclub.mil,Kiribati,#bb538f
853,Anthony,Henry,ahenry@realfire.com,Cambodia,#fabfe0
854,Jason,Evans,jevans@plambee.com,Ascension Island,#8a1ce3
855,Larry,Davis,ldavis@browsebug.biz,Saint Kitts and Nevis,#dff360
856,Maria,Russell,mrussell@mynte.edu,Turkey,#287252
857,Tina,Phillips,tphillips@quamba.gov,Mongolia,#4bbff1
858,Rachel,Hunt,rhunt@zoonoodle.name,Liberia,
859,Phyllis,Woods,pwoods@izio.info,Angola,#4adada
860,Jesse,Mccoy,jmccoy@twimm.mil,Benin,#c2cf48
861,Shirley,Elliott,selliott@blogspan.net,Guinea-Bissau,#de2662
862,Rachel,Rodriguez,rrodriguez@vimbo.info,Isle of Man,#11be3e
863,Christina,Martinez,cmartinez@ainyx.mil,Cuba,#397bab
864,Margaret,Bradley,mbradley@bubbletube.name,Isle of Man,#22047a
865,Nicole,Walker,nwalker@rhyloo.org,Guyana,#793b21
866,William,Cox,wcox@quaxo.edu,Nepal,#473e98
867,Juan,Howard,jhoward@reallinks.org,Colombia,#7cd368
868,Lisa,Lee,llee@eamia.mil,United Arab Emirates,#c84f8d
869,Michael,Russell,mrussell@skidoo.mil,Ethiopia,#ba787a
870,Michelle,Larson,mlarson@skilith.biz,Peru,#57f295
871,Henry,Green,hgreen@abata.name,Montenegro,#5a8c5a
872,Andrew,Fields,afields@zoozzy.info,Tokelau,#142cfb
873,Chris,Gutierrez,cgutierrez@thoughtstorm.com,San Marino,#13b2ed
874,Robert,Gordon,rgordon@realblab.name,Mongolia,#872462
875,Linda,Webb,lwebb@avaveo.net,Bhutan,#c4967b
876,Richard,Mitchell,rmitchell@skyndu.net,Saint Martin,#cfeead
877,Eric,Gordon,egordon@meemm.com,Gibraltar,#4f7c72
878,Phyllis,Flores,pflores@devshare.mil,Belgium,#1c2ec3
879,Aaron,Harris,aharris@tagopia.com,Austria,#9d66f7
880,Jean,Evans,jevans@twiyo.mil,,
881,Joyce,Hughes,jhughes@tagfeed.info,Sweden,#8f4b15
882,Michael,Reynolds,mreynolds@abatz.biz,Bermuda,#58c764
883,Michelle,Rivera,mrivera@trilith.net,Sri Lanka,#fcc0dc
884,Melissa,Turner,mturner@browsebug.edu,Saint Helena,#4ff4af
885,Albert,Baker,abaker@photobean.gov,Philippines,#3d4016
886,Lois,Bishop,lbishop@youopia.mil,,#4c6573
887,Walter,Roberts,wroberts@flipopia.edu,Tuvalu,#6cfe35
888,David,Vasquez,dvasquez@edgeblab.name,Honduras,#8db847
889,Alan,Green,agreen@thoughtbeat.info,Grenada,#417e24
890,Deborah,Tucker,dtucker@dabfeed.org,Guatemala,#f5a9dd
891,Maria,Ramirez,mramirez@photobean.mil,Cook Islands,
892,Bobby,Moore,bmoore@buzzster.name,Djibouti,#4e47bf
893,Julie,Jenkins,jjenkins@feedbug.com,Equatorial Guinea,#302919
894,Andrea,Lynch,alynch@zoombeat.edu,Portugal,#1ba86f
895,Karen,Welch,kwelch@shufflebeat.edu,Timor-Leste,#b383e0
896,Jonathan,Fowler,jfowler@teklist.gov,Malaysia,#1087c8
897,Bruce,Perry,bperry@teklist.info,China,#5d9fbf
898,Bonnie,Moore,bmoore@quimm.com,Liechtenstein,#4dad77
899,Eric,Romero,eromero@flashset.edu,Saudia Arabia,#4fdcf4
900,Kelly,Perkins,kperkins@abatz.net,Brazil,#6b7bae
901,Cheryl,Morgan,cmorgan@zoomdog.org,Niue,#e91355
902,Pamela,Bell,pbell@mycat.org,Sao Tome and Principe,#c3ce2b
903,Frank,Gardner,fgardner@eire.gov,,#f81851
904,Philip,Weaver,pweaver@voomm.net,French Guiana,#bf36b3
905,Andrea,Ramirez,aramirez@jaxbean.net,Cyprus,#8697e1
906,Theresa,Howard,thoward@tambee.com,Vanuatu,#30e6e5
907,Christine,Jordan,cjordan@avaveo.com,China,#8a2f53
908,Carlos,Burke,cburke@topdrive.name,Sudan,#4459d7
909,Judy,Barnes,jbarnes@innoz.biz,Guernsey,#e08c10
910,Ruth,Turner,rturner@dabjam.info,"Korea, North",#825580
911,Sharon,Weaver,sweaver@zoombeat.com,Saint Lucia,#1caa24
912,Mildred,Cooper,mcooper@buzzster.com,Svalbard and Jan Mayen Islands,#9d60b3
913,Janet,Weaver,jweaver@jabbersphere.com,Cameroon,#2025a9
914,Edward,Snyder,esnyder@pixope.org,New Caledonia,#b2462c
915,Gerald,Jordan,gjordan@realbridge.mil,Norfolk Island,#5e13cc
916,Brenda,Dunn,bdunn@youspan.mil,Poland,#8c29e9
917,Bonnie,Fisher,bfisher@aimbu.com,Switzerland,#a04dca
918,Denise,Larson,dlarson@browsezoom.gov,Nauru,#0c879b
919,Dennis,Day,dday@youspan.info,Peru,#bb0ff0
920,Heather,George,hgeorge@tazzy.net,Israel,#47b9a4
921,Steven,Olson,solson@cogilith.net,Seychelles,#f4387e
922,Marilyn,Wright,mwright@reallinks.biz,Uganda,#c0a18d
923,Dennis,Stewart,dstewart@vimbo.org,Netherlands,#342137
924,Tammy,Mitchell,tmitchell@meejo.biz,Niue,#feb42f
925,Katherine,Gutierrez,kgutierrez@browsezoom.edu,Kiribati,#394a54
926,Ruth,Foster,rfoster@topicstorm.com,Aruba,#7a0f65
927,William,Mccoy,wmccoy@feedbug.info,Saint Kitts and Nevis,#8fd101
928,Edward,Moreno,emoreno@flipstorm.edu,Falkland Islands (Malvinas),#bdecf4
929,Kathleen,Anderson,kanderson@trupe.net,Madagascar,#aa277b
930,Christopher,Payne,cpayne@oloo.name,Brazil,#d58430
931,Barbara,Lawrence,blawrence@skilith.net,Bolivia,#aa0051
932,Kelly,Wilson,kwilson@brainfire.name,Swaziland,#22a2c6
933,Martin,Harper,mharper@livepath.net,Antarctica,#c9d7ee
934,Anne,Thompson,athompson@fivebridge.net,,#b5a542
935,Gary,Harper,gharper@realfire.com,Cook Islands,#df8ac6
936,Nancy,Robertson,nrobertson@tanoodle.name,Japan,#2f2ad5
937,Helen,Wells,hwells@kanoodle.biz,Fiji,#13d5fe
938,Douglas,Schmidt,dschmidt@tazz.mil,Marshall Islands,#6141cc
939,Joyce,Thomas,jthomas@ntag.mil,Niue,#875c51
940,Shirley,Meyer,smeyer@rhyzio.mil,Yemen,#d50f92
941,Donald,Ward,dward@quinu.net,Rwanda,#0a4d95
942,Theresa,Wood,twood@flashpoint.name,Papua New Guinea,#3073bb
943,Peter,Hamilton,phamilton@blogpad.com,Macau,#4ffef1
944,Rebecca,Perez,rperez@jabbercube.edu,Yugoslavia,#c730de
945,Helen,Powell,hpowell@fanoodle.com,British Virgin Islands,#91cf55
946,Jimmy,Hansen,jhansen@brainsphere.gov,Netherlands,#52dba0
947,Heather,Baker,hbaker@shuffletag.com,Zambia,#d804a9
948,Henry,Martinez,hmartinez@demizz.gov,Lesotho,#b69b37
949,Ruby,Arnold,rarnold@yakidoo.edu,Haiti,#c2642a
950,Keith,Warren,kwarren@plambee.mil,Samoa,#e7a435
951,Teresa,Woods,twoods@katz.edu,Saint Pierre and Miquelon,#79f297
952,Matthew,Peters,mpeters@quinu.mil,Iceland,#23cede
953,Elizabeth,Bailey,ebailey@youopia.com,"Congo, Republic of",#90b5bf
954,Deborah,Garza,dgarza@thoughtmix.com,New Zealand,#f5a2a3
955,Dennis,Carter,dcarter@photobug.biz,Taiwan,#204561
956,Justin,Vasquez,jvasquez@lazz.edu,Qatar,
957,Clarence,Medina,cmedina@aibox.com,Bermuda,#be2734
958,Kathleen,Chavez,kchavez@fliptune.mil,Central African Republic,#e54fc9
959,Linda,Grant,lgrant@photolist.biz,Philippines,#1b78a6
960,Jonathan,Simmons,jsimmons@babbleblab.com,Saint Helena,#29ce78
961,Debra,Marshall,dmarshall@linkbuzz.biz,,#5c186e
962,Daniel,Wilson,dwilson@shufflester.name,Nepal,#1e8e77
963,Shirley,Bennett,sbennett@voomm.gov,"Congo, Democratic Republic of",#263804
964,Jeffrey,White,jwhite@vitz.mil,South Georgia and the South Sandwich Islands,#30f90a
965,Keith,Cox,kcox@kamba.biz,Brunei Darussalam,#99f4f0
966,Arthur,Simmons,asimmons@skibox.info,Gabon,#f464cb
967,Edward,Mitchell,emitchell@yambee.gov,Christmas Island,#e77bd1
968,Alan,Thomas,athomas@voolia.com,Argentina,#f58adf
969,Teresa,Andrews,tandrews@katz.mil,French Polynesia,#86a11e
970,Irene,Hudson,ihudson@realcube.edu,Nigeria,#8c3a9c
971,Amanda,Mitchell,amitchell@skipstorm.biz,Cape Verde,#564aa5
972,Jose,Smith,jsmith@agimba.net,Timor-Leste,#f7269d
973,Deborah,Dixon,ddixon@eazzy.net,Chile,#a27e87
974,Terry,Smith,tsmith@brightdog.name,Russia,#38024b
975,Shirley,Howard,showard@linkbuzz.com,Uruguay,#86bc3f
976,Jonathan,Campbell,jcampbell@topicshots.gov,"Congo, Republic of",#e72208
977,Johnny,George,jgeorge@livefish.gov,United Arab Emirates,#d50ad7
978,Brandon,Diaz,bdiaz@twinte.com,Armenia,#5fb5d4
979,Matthew,Adams,madams@blogtag.name,"Congo, Republic of",#a3b4a9
980,Gary,Ray,gray@rhycero.biz,Kenya,#ea80f1
981,Laura,Robertson,lrobertson@kwinu.org,,#6c24b0
982,Brian,Tucker,btucker@voonyx.mil,Niger,#8e97ad
983,Sara,Stevens,sstevens@eidel.name,Sri Lanka,#10c202
984,Nancy,Turner,nturner@yabox.gov,"Palestinian Territory, Occupied",#671838
985,Wanda,Mills,wmills@photobug.org,Italy,#f8691a
986,Ann,Murphy,amurphy@photobug.org,Thailand,#b4fc29
987,Aaron,Powell,apowell@divape.mil,Malawi,#e9dda5
988,Margaret,Nguyen,mnguyen@photobug.net,Albania,#4ac9ae
989,Pamela,Evans,pevans@zoomdog.mil,New Caledonia,#04367e
990,Lawrence,Black,lblack@meetz.org,Malta,#01cc6d
991,Ann,Young,ayoung@jayo.gov,Isle of Man,#0d7593
992,Craig,Diaz,cdiaz@babbleset.biz,Bermuda,#1f1ebf
993,Carol,Gardner,cgardner@buzzster.name,French Southern Territories,#05eb7d
994,Sharon,Gomez,sgomez@dazzlesphere.com,El Salvador,#7f712e
995,Louis,Lewis,llewis@wikido.org,Venezuela,#afa90f
996,Phillip,George,pgeorge@topiclounge.name,Philippines,
997,Matthew,Reyes,mreyes@devcast.mil,United Arab Emirates,#440677
998,Peter,Perez,pperez@voolith.mil,"Palestinian Territory, Occupied",
999,Jeremy,Watkins,jwatkins@feedmix.org,Finland,#ec8b71
1000,Johnny,Henderson,jhenderson@aimbo.net,Sri Lanka,#d436a3
1001,Katherine,Moreno,kmoreno@tagopia.edu,Saint Pierre and Miquelon,#eb718a
1002,Chris,Morales,cmorales@shuffletag.mil,Djibouti,#d2a1fe
1003,Catherine,Ray,cray@skinix.info,Nepal,#2a6431
1004,Rebecca,Cook,rcook@topiczoom.com,Peru,#4aac4b
1005,Victor,Thomas,vthomas@trupe.net,Dominican Republic,#1921d1
1006,Kathleen,Simpson,ksimpson@topicblab.com,Lebanon,#15f6eb
1007,Wayne,Fields,wfields@oloo.com,United Arab Emirates,#fffba5
1008,John,Hicks,jhicks@topdrive.org,Central African Republic,#669977
1009,Sharon,Shaw,sshaw@ozu.biz,Switzerland,#379d99
1010,Todd,Martin,tmartin@twimm.edu,Switzerland,#49cd3c
1011,Walter,Wheeler,wwheeler@bluezoom.gov,Nicaragua,#47c191
1012,Samuel,Adams,sadams@fatz.biz,Myanmar,#9a0b47
1013,Norma,James,njames@thoughtsphere.name,Mauritania,#ee6a22
1014,Katherine,Hicks,khicks@dabshots.edu,Niger,#e47a59
1015,Robert,Perkins,rperkins@abatz.com,Slovakia,#42e8aa
1016,Ann,Griffin,agriffin@fanoodle.gov,El Salvador,#f2e2ad
1017,Angela,Cole,acole@jetwire.gov,Guyana,#3f92f7
1018,Aaron,Duncan,aduncan@riffpath.com,Venezuela,#2c5521
1019,Christopher,Powell,cpowell@jabbertype.net,Saudia Arabia,#b4eb8d
1020,Raymond,Jackson,rjackson@cogilith.com,Panama,#0446a9
1021,Judith,Brown,jbrown@thoughtbridge.name,China,#413e90
1022,Diana,Elliott,delliott@skyvu.info,Qatar,#0ace1d
1023,Mildred,Johnston,mjohnston@lajo.mil,Bermuda,#b88931
1024,Joyce,Carter,jcarter@kwilith.info,Aruba,#5f52e2
1025,Theresa,Vasquez,tvasquez@skalith.org,Marshall Islands,#7327fc
1026,Joe,Fernandez,jfernandez@centizu.net,Lesotho,#1a3195
1027,Deborah,Payne,dpayne@skyndu.org,Bosnia and Herzegovina,#59fb21
1028,Martin,Harris,mharris@divavu.gov,Gabon,#dc92fd
1029,Anthony,Boyd,aboyd@talane.com,Philippines,#3b439e
1030,Juan,Mendoza,jmendoza@zoombeat.org,Guyana,#e34cdb
1031,Kathleen,Russell,krussell@katz.info,Czech Republic,#ca1588
1032,Martin,Howell,mhowell@oyonder.edu,Mauritius,#3bab45
1033,Ann,Chapman,achapman@layo.org,Laos,#54fe93
1034,Steven,Spencer,sspencer@skippad.biz,China,#f13f64
1035,Christine,Reid,creid@reallinks.mil,Indonesia,#f8177d
1036,Denise,Lee,dlee@vidoo.biz,British Virgin Islands,#34c2ce
1037,Kathy,Rogers,krogers@yacero.mil,Jersey,#ca6c86
1038,Bonnie,Palmer,bpalmer@kwideo.name,Guam,#7479f7
1039,Evelyn,Carpenter,ecarpenter@quatz.gov,Nepal,#5cc88f
1040,Harold,Perez,hperez@twitterlist.name,Ireland,#f256b3
1041,William,Warren,wwarren@centizu.com,Georgia,#2ee207
1042,Anne,Bradley,abradley@skimia.biz,Egypt,#5fb4b2
1043,Joyce,Greene,jgreene@devshare.org,Egypt,#54aa6d
1044,Phyllis,Hill,phill@tekfly.gov,Denmark,#6b2169
1045,Kathleen,Sims,ksims@oyoyo.mil,,#5582f0
1046,Benjamin,Perez,bperez@buzzdog.net,Germany,#66df25
1047,Donald,Austin,daustin@kare.edu,Barbados,#3eaf19
1048,Diana,Miller,dmiller@gabtune.edu,Sri Lanka,#606ea4
1049,William,Mccoy,wmccoy@muxo.edu,Tanzania,#53b243
1050,Dorothy,Campbell,dcampbell@kazu.edu,Australia,#3ae65a
1051,Diane,Willis,dwillis@centizu.net,Guernsey,#f9e74e
1052,Sara,Woods,swoods@livetube.org,Haiti,#c8e915
1053,Nancy,Larson,nlarson@photospace.com,Åland,#fd2497
1054,Chris,Mitchell,cmitchell@flipstorm.gov,Netherlands Antilles,#432b8e
1055,Thomas,Evans,tevans@digitube.com,Liechtenstein,#73ed04
1056,Clarence,Fernandez,cfernandez@zoomlounge.org,Japan,#aa50dd
1057,Karen,Knight,kknight@topdrive.org,Ireland,#6751cd
1058,Elizabeth,Gonzalez,egonzalez@devshare.org,Peru,#393468
1059,Carol,Long,clong@jaxnation.mil,Bulgaria,#24037e
1060,Anna,Dean,adean@trudeo.info,Hong Kong,#b87b25
1061,Kathleen,Murphy,kmurphy@muxo.net,,#c96a56
1062,Larry,Crawford,lcrawford@jaxworks.edu,Azerbaijan,#50af61
1063,Linda,Stone,lstone@lazzy.org,Algeria,#d9878b
1064,Kimberly,Burton,kburton@tagcat.mil,Saint Helena,#8be6b2
1065,Nicole,Fisher,nfisher@innoz.edu,Latvia,#b1b300
1066,Sharon,Nelson,snelson@edgepulse.net,French Polynesia,#09b699
1067,Ernest,Meyer,emeyer@mydeo.name,Gambia,#1255bb
1068,Helen,Lane,hlane@zoomlounge.info,Greenland,#e5a010
1069,Kenneth,Sims,ksims@gabvine.biz,Gibraltar,#01e02f
1070,Lori,Stanley,lstanley@leexo.edu,Bhutan,#4e8328
1071,Richard,Turner,rturner@thoughtblab.mil,Slovenia,#7af2a9
1072,Barbara,Powell,bpowell@gigabox.edu,Albania,#929941
1073,Jessica,Henry,jhenry@yakidoo.org,Gabon,#839656
1074,Katherine,Campbell,kcampbell@shufflebeat.org,Costa Rica,#039555
1075,Anna,Griffin,agriffin@eabox.org,Hong Kong,#9cc690
1076,Dennis,Jordan,djordan@demivee.name,United States Virgin Islands,#c8d92b
1077,Carlos,Howell,chowell@gigazoom.mil,Syria,#5e2a17
1078,Cheryl,Green,cgreen@skajo.biz,Luxembourg,#8517d8
1079,Irene,Hanson,ihanson@roombo.com,,#8c83c6
1080,Bruce,Ford,bford@oyoyo.gov,United States of America,#2eef21
1081,Joyce,Franklin,jfranklin@gabtune.gov,Marshall Islands,#546c87
1082,Timothy,Chavez,tchavez@fanoodle.mil,French Guiana,#3146f4
1083,Rebecca,Green,rgreen@avamm.net,,#8da0af
1084,Jean,Larson,jlarson@shuffledrive.gov,San Marino,#88124a
1085,Jean,Sims,jsims@quimba.net,Myanmar,#241c60
1086,Sara,Burton,sburton@oba.info,Papua New Guinea,#446efc
1087,Justin,Carr,jcarr@thoughtbeat.gov,Burundi,#757da6
1088,David,Howell,dhowell@dynabox.biz,Czech Republic,#e5f78d
1089,Brian,Adams,badams@avaveo.gov,Netherlands Antilles,#011537
1090,Rose,Ortiz,rortiz@gabtune.edu,Venezuela,#395baa
1091,Barbara,Marshall,bmarshall@midel.gov,Cocos (Keeling) Island,#978cb3
1092,Linda,Dunn,ldunn@dabz.edu,Heard and McDonald Islands,#170a15
1093,Timothy,Johnston,tjohnston@realbuzz.info,Belgium,#7f7559
1094,Jean,Nelson,jnelson@katz.biz,Libya,#08f0af
1095,Rose,Sanchez,rsanchez@browsezoom.name,Honduras,#f98ff8
1096,Heather,Thompson,hthompson@mycat.name,Belarus,#c64851
1097,Louise,Fields,lfields@kwimbee.biz,Trinidad and Tobago,#d52d1c
1098,Tammy,Webb,twebb@fivebridge.org,Brazil,#441dba
1099,Mildred,Evans,mevans@flashdog.com,Bermuda,#ade6ac
1100,Linda,Montgomery,lmontgomery@babbleopia.org,Aruba,#0d7548
1101,Annie,Phillips,aphillips@divavu.info,,#86d260
1102,Ruby,Collins,rcollins@yoveo.com,Niger,#8abaf7
1103,Jose,Harrison,jharrison@kaymbo.net,Philippines,#49af24
1104,Phillip,Ferguson,pferguson@lazz.biz,Indonesia,#d6c079
1105,Douglas,Olson,dolson@brainlounge.gov,Niue,#befa9c
1106,Raymond,Meyer,rmeyer@edgeclub.biz,Oman,#5c1c9f
1107,Christine,Gutierrez,cgutierrez@thoughtworks.edu,Gibraltar,#fdcf14
1108,Douglas,Johnson,djohnson@thoughtstorm.mil,Equatorial Guinea,#d0b8fe
1109,Terry,Foster,tfoster@twiyo.mil,Antigua and Barbuda,#cee960
1110,Alan,Butler,abutler@vinder.edu,Anguilla,#120950
1111,Mary,Green,mgreen@fivebridge.gov,"Korea, North",#63e673
1112,Johnny,Kelley,jkelley@tagfeed.biz,Netherlands,#2fe30c
1113,Deborah,Elliott,delliott@skynoodle.biz,Netherlands Antilles,#15e3c2
1114,Margaret,Medina,mmedina@fivebridge.net,Bahamas,#3032d7
1115,Kenneth,Romero,kromero@zoombox.name,Puerto Rico,#25ff6a
1116,Laura,Jones,ljones@camido.info,Cook Islands,#6ac436
1117,Barbara,Carr,bcarr@dabjam.org,Italy,#6e08ce
1118,Brian,Perez,bperez@youspan.info,Finland,#93f30b
1119,Charles,Franklin,cfranklin@jaxnation.net,Central African Republic,#44e76e
1120,Timothy,Rivera,trivera@twitterworks.mil,Guam,#c2a14b
1121,Brian,Martin,bmartin@centidel.name,Ghana,#6a5be8
1122,Raymond,Ferguson,rferguson@realbuzz.edu,Switzerland,#88ce31
1123,Bruce,Gonzales,bgonzales@meemm.info,Cocos (Keeling) Island,#74d469
1124,Brandon,Bryant,bbryant@mita.info,Morocco,#900ee6
1125,Amanda,Wilson,awilson@devbug.info,Tunisia,#86076c
1126,Laura,Ford,lford@leenti.edu,British Indian Ocean Territory,#adfd54
1127,Brian,Barnes,bbarnes@brightbean.net,Niue,#6f19b0
1128,Dennis,Rivera,drivera@mita.com,Portugal,#e30566
1129,Thomas,Perry,tperry@browsetype.info,Saint Helena,#dead08
1130,Emily,James,ejames@livepath.name,Yemen,#00713d
1131,Barbara,Riley,briley@photobug.gov,Greece,#ed15e6
1132,Jerry,Wheeler,jwheeler@gabcube.mil,Guam,#8bffc7
1133,Joyce,Pierce,jpierce@eazzy.edu,India,#ef4226
1134,Arthur,Marshall,amarshall@riffwire.gov,Panama,#cbe2de
1135,Peter,Price,pprice@yombu.org,Christmas Island,#1af651
1136,Kimberly,Arnold,karnold@jaloo.biz,Egypt,#431f54
1137,Susan,Wallace,swallace@shufflebeat.gov,Hungary,#4e1343
1138,George,Ramos,gramos@thoughtstorm.biz,Solomon Islands,#216272
1139,Eugene,Riley,eriley@oozz.biz,Kuwait,#c6f80d
1140,Johnny,Henry,jhenry@skipstorm.com,Bosnia and Herzegovina,#062546
1141,Nicholas,Simmons,nsimmons@bubblemix.gov,Latvia,#2b4d33
1142,Virginia,King,vking@shufflester.biz,Czech Republic,#bc883c
1143,Helen,Rodriguez,hrodriguez@flashdog.com,Isle of Man,#edeeae
1144,Kelly,Hawkins,khawkins@janyx.net,El Salvador,#c25b75
1145,Daniel,Larson,dlarson@brainfire.com,Guernsey,#f2c458
1146,Christina,Matthews,cmatthews@riffpath.org,Grenada,#1dd78a
1147,Matthew,Sims,msims@jaxbean.gov,Heard and McDonald Islands,#6e7b35
1148,Andrew,Evans,aevans@zoovu.name,Uruguay,#5a3342
1149,Andrea,Howard,ahoward@voolia.mil,Netherlands Antilles,#f19217
1150,Alan,Griffin,agriffin@wikizz.name,Armenia,#058655
1151,Jeffrey,Green,jgreen@oyondu.org,Trinidad and Tobago,#77e498
1152,Steve,Flores,sflores@thoughtmix.org,Cuba,#bf7cf7
1153,Andrew,Lewis,alewis@oyoba.biz,Turks and Caicos Islands,#5a3eeb
1154,Patrick,Morgan,pmorgan@rhyzio.mil,Mayotte,#efc963
1155,Joan,Castillo,jcastillo@aimbo.mil,American Samoa,#f0cd60
1156,Patrick,Rice,price@gigashots.mil,Canada,#cf071f
1157,Robert,Howard,rhoward@eamia.edu,Czech Republic,#adbd28
1158,Randy,Watson,rwatson@fadeo.biz,Faroe Islands,#769a24
1159,George,Taylor,gtaylor@jumpxs.info,Tokelau,#de47af
1160,Anne,Johnston,ajohnston@skinder.name,Niue,#e937f4
1161,James,Gutierrez,jgutierrez@jaxbean.name,US Minor Outlying Islands,#4e36d5
1162,Keith,Anderson,kanderson@viva.net,Turkmenistan,#769d2e
1163,Shirley,Thompson,sthompson@realcube.edu,Jersey,#eb47bf
1164,Mildred,Mitchell,mmitchell@zoozzy.edu,Netherlands Antilles,#98dab9
1165,Joseph,Wood,jwood@photojam.edu,Burundi,#5fec85
1166,Rachel,Clark,rclark@twimm.com,Serbia,#3f58bb
1167,Janet,Lopez,jlopez@voonyx.info,Montenegro,#ed23c4
1168,Clarence,Gray,cgray@jabbersphere.name,Barbados,#80c223
1169,Thomas,Hansen,thansen@eimbee.info,Saint Lucia,#10a52b
1170,Stephen,Schmidt,sschmidt@realblab.edu,Heard and McDonald Islands,#d23738
1171,Kathleen,Weaver,kweaver@npath.gov,Andorra,#d8a219
1172,Teresa,Rice,trice@oloo.net,Bermuda,#7f3cd7
1173,Frances,Howard,fhoward@trunyx.biz,Saint Lucia,#577dd6
1174,Kimberly,Welch,kwelch@rhycero.name,Sudan,#deaa7e
1175,Antonio,Fisher,afisher@devpulse.com,Gambia,#5c059f
1176,James,Ortiz,jortiz@skidoo.info,Trinidad and Tobago,#c8b2aa
1177,Richard,Wallace,rwallace@trudeo.edu,Åland,#8bcea1
1178,Andrea,Rogers,arogers@voomm.name,Antigua and Barbuda,#4e76e8
1179,Brian,Gonzales,bgonzales@flashpoint.mil,Italy,#2d4278
1180,Karen,Patterson,kpatterson@tanoodle.org,Andorra,#b334ba
1181,Steven,Larson,slarson@oyonder.name,Panama,#3d89ea
1182,Lori,Reyes,lreyes@fatz.mil,South Africa,#328edd
1183,Gregory,Hunt,ghunt@meezzy.gov,Haiti,#08a472
1184,Christina,Daniels,cdaniels@meevee.mil,South Africa,#9e89de
1185,Ruby,Cole,rcole@skajo.biz,Swaziland,#b8eb1c
1186,Margaret,Shaw,mshaw@gabcube.com,Ireland,
1187,Daniel,Henderson,dhenderson@gabspot.edu,,#6f5192
1188,Nancy,Hayes,nhayes@bubbletube.com,Spain,#efdf05
1189,Donald,Cox,dcox@oyoloo.biz,Sweden,#c42dae
1190,Alice,Lynch,alynch@fatz.info,Maldives,#720841
1191,Ashley,Brooks,abrooks@realfire.edu,American Samoa,#60f216
1192,Mildred,Riley,mriley@quamba.edu,Cuba,#70d3d5
1193,Alice,Spencer,aspencer@quimm.gov,Saint Pierre and Miquelon,#2ce8ec
1194,Clarence,Dunn,cdunn@eabox.edu,Bahamas,#b67a98
1195,Matthew,Nelson,mnelson@feedfire.mil,Qatar,#16a6c9
1196,Virginia,Cooper,vcooper@chatterbridge.com,Israel,#97d68e
1197,Terry,Ray,tray@skyba.edu,Kiribati,#9d2637
1198,Daniel,Jordan,djordan@digitube.edu,Venezuela,#6ebbc6
1199,Ronald,Fox,rfox@kanoodle.biz,Japan,#e6a8fd
1200,Joan,Lewis,jlewis@skaboo.biz,Madagascar,#1c53f5
1201,Aaron,Moreno,amoreno@gabtype.org,Bosnia and Herzegovina,#0aa3c8
1202,Tammy,Hall,thall@flashpoint.com,French Guiana,#e5106d
1203,Scott,Reed,sreed@oozz.gov,Denmark,#ab47b8
1204,Martha,Watson,mwatson@realblab.gov,Lesotho,#52d232
1205,Todd,Hunt,thunt@zoonder.mil,British Indian Ocean Territory,#ef3b2b
1206,Jimmy,Kelley,jkelley@leexo.net,Vietnam,#d157cc
1207,Paul,Simpson,psimpson@eire.gov,Guinea,#4f41d1
1208,Cheryl,Johnston,cjohnston@devpulse.name,Iceland,#94b5e2
1209,Justin,Bailey,jbailey@realcube.info,Ecuador,#a62365
1210,Tammy,Hawkins,thawkins@zoombox.edu,Iran,#ca54d8
1211,Lawrence,Simmons,lsimmons@tagpad.gov,"Congo, Republic of",#14e0ff
1212,Joshua,Mccoy,jmccoy@kare.info,Lithuania,#65cc08
1213,Teresa,Knight,tknight@aimbu.net,Saint Barthelemy,#4bd614
1214,Jeremy,Carroll,jcarroll@miboo.net,Ukraine,#7d4b6a
1215,Antonio,Pierce,apierce@tagchat.mil,,#c505a0
1216,Kathleen,Brooks,kbrooks@flipstorm.org,Nepal,#3973d7
1217,Louise,Matthews,lmatthews@abatz.info,Martinique,#f58f4a
1218,Donna,Burke,dburke@riffwire.edu,Germany,#296f67
1219,Gregory,Anderson,ganderson@izio.mil,Macedonia,#1fffbb
1220,Julia,Owens,jowens@rhynyx.info,Turkmenistan,#c0d350
1221,Jeffrey,Graham,jgraham@feedbug.biz,Moldova,#fec407
1222,Mark,Jacobs,mjacobs@agimba.info,Djibouti,#fb49da
1223,Louis,Meyer,lmeyer@browsedrive.net,Rwanda,#9083e4
1224,Joe,Hill,jhill@wikibox.edu,Bolivia,#b07406
1225,Melissa,Little,mlittle@mita.edu,Antarctica,#ba467c
1226,Brian,Snyder,bsnyder@zoomlounge.mil,Ethiopia,#72fe1c
1227,Diane,Mccoy,dmccoy@oyoloo.mil,Jordan,#cd325c
1228,Fred,Kelley,fkelley@gabspot.org,Guatemala,#c79308
1229,Susan,Harper,sharper@jazzy.org,Paraguay,#5a0718
1230,Kenneth,Stone,kstone@skinder.info,Greenland,#beb4c8
1231,Victor,Little,vlittle@brightbean.edu,Saint Helena,#d72c1e
1232,Nicholas,Butler,nbutler@rhynoodle.gov,Turkmenistan,#ff1076
1233,Richard,Williams,rwilliams@quinu.biz,Mali,#92f6aa
1234,Amanda,Flores,aflores@realmix.org,Timor-Leste,#bbd0a0
1235,Kenneth,Williamson,kwilliamson@zoombox.name,Slovakia,#86ddeb
1236,Phillip,Taylor,ptaylor@skalith.info,Latvia,#1a21a5
1237,Carlos,Anderson,canderson@vitz.edu,Ethiopia,#6b492c
1238,Doris,Vasquez,dvasquez@centimia.com,Argentina,#6f1c49
1239,Alice,Torres,atorres@mynte.org,Chad,#cc7c86
1240,Jesse,Murphy,jmurphy@twitterlist.net,Uzbekistan,#093f45
1241,Christine,Gonzales,cgonzales@flashpoint.com,Norfolk Island,#8efab2
1242,Jimmy,Wagner,jwagner@skinder.biz,Afghanistan,#49f57a
1243,Gary,Woods,gwoods@kwilith.info,Netherlands,#02c62a
1244,Kathryn,Hunter,khunter@zoozzy.name,Vietnam,#59313a
1245,Todd,Rogers,trogers@oodoo.mil,British Virgin Islands,#3f8d49
1246,Marie,Marshall,mmarshall@gabtune.edu,Sudan,#4a1463
1247,Randy,Little,rlittle@babbleset.com,Guatemala,#ee1977
1248,Eugene,Wallace,ewallace@yabox.info,Djibouti,#e2a8b0
1249,Susan,Hunt,shunt@katz.info,Latvia,#37ca3e
1250,Raymond,Kelly,rkelly@youspan.gov,Laos,#e5baa9
1251,Edward,Berry,eberry@cogilith.biz,Sao Tome and Principe,#04c200
1252,Frances,Chapman,fchapman@skyba.net,Trinidad and Tobago,#7a8b6a
1253,Diane,Flores,dflores@skipfire.edu,Gabon,#13ff37
1254,Kenneth,Duncan,kduncan@meetz.gov,Mauritania,#76520e
1255,Shawn,Ramirez,sramirez@wikizz.net,Paraguay,#9dfba7
1256,Philip,Porter,pporter@brainbox.biz,Turks and Caicos Islands,#4947f0
1257,Rose,Vasquez,rvasquez@dabvine.com,Mexico,#1959ad
1258,Brian,Morris,bmorris@browsezoom.com,Japan,#a3983e
1259,Shirley,King,sking@jabberbean.name,Switzerland,#640a40
1260,Douglas,Gibson,dgibson@pixope.org,Mozambique,#f68080
1261,Jerry,Greene,jgreene@realcube.info,Saint Vincent and the Grenadines,#73ab94
1262,Keith,Wheeler,kwheeler@feedmix.com,Guadeloupe,#883efe
1263,Jane,Harrison,jharrison@linktype.info,Tokelau,#da253c
1264,Karen,Lawson,klawson@riffwire.net,Spain,#eb85c7
1265,Alice,Reid,areid@avamm.net,,#e3c65f
1266,Robert,Johnston,rjohnston@plajo.net,Nauru,#0b2396
1267,Mary,Turner,mturner@bubblemix.info,,#925801
1268,Harold,Hanson,hhanson@tambee.org,Eritrea,#5f0628
1269,Jessica,Ortiz,jortiz@skinder.info,Guyana,#640cc2
1270,Stephanie,Hanson,shanson@tagcat.org,Portugal,#2eddfb
1271,Ruth,Carr,rcarr@vitz.net,India,#813d00
1272,Timothy,Meyer,tmeyer@yodoo.mil,Papua New Guinea,#e8d5e7
1273,Raymond,Mccoy,rmccoy@devshare.net,Syria,#9bf31d
1274,Kathy,Day,kday@feedbug.biz,Fiji,#c885e5
1275,Laura,Hall,lhall@browsetype.net,Ecuador,#711d6a
1276,John,Henderson,jhenderson@quamba.gov,Moldova,#3c8441
1277,Timothy,Austin,taustin@divape.name,Greenland,#81a497
1278,Timothy,Daniels,tdaniels@brainfire.net,Guernsey,#0fbd9b
1279,Ryan,Harris,rharris@shuffledrive.name,American Samoa,#3bbb1d
1280,Gary,Stewart,gstewart@dabjam.org,Australia,#fbb911
1281,Rebecca,Crawford,rcrawford@thoughtbridge.mil,Uruguay,#80a02c
1282,Donald,Marshall,dmarshall@bubbletube.net,Syria,#05c9c3
1283,Richard,Davis,rdavis@brightbean.net,US Minor Outlying Islands,#e44e09
1284,Gregory,Black,gblack@shufflester.info,Anguilla,#bde926
1285,Susan,Flores,sflores@skynoodle.biz,Bouvet Island,#880ce1
1286,Sandra,Howard,showard@kare.name,Papua New Guinea,#dcbf9c
1287,Johnny,Gomez,jgomez@abatz.edu,Falkland Islands (Malvinas),#5760f0
1288,Debra,Grant,dgrant@dynazzy.net,Pakistan,#910a76
1289,Joe,Duncan,jduncan@rhynyx.edu,Grenada,#d97a5e
1290,Phyllis,Tucker,ptucker@zazio.info,Mozambique,#6efe9d
1291,Cynthia,Williams,cwilliams@divape.com,Denmark,#03cd08
1292,Marilyn,Martin,mmartin@skidoo.info,Russia,#85103e
1293,Brandon,Hamilton,bhamilton@meezzy.gov,Thailand,#e4cc77
1294,Jonathan,Lawson,jlawson@wikivu.name,,#907241
1295,Robert,Thomas,rthomas@rhyloo.mil,Uganda,#3409af
1296,Albert,Little,alittle@meevee.org,Ghana,#020abd
1297,Anthony,Arnold,aarnold@eire.info,Tuvalu,#534e4f
1298,Andrea,Mcdonald,amcdonald@babbleset.biz,Reunion,#3a3a78
1299,Louis,Schmidt,lschmidt@eimbee.org,Benin,#d3fedc
1300,Benjamin,Lopez,blopez@brainlounge.net,Mozambique,#7f921f
1301,Phillip,Perkins,pperkins@yodel.biz,Myanmar,#ed310f
1302,Nicholas,Wright,nwright@trunyx.biz,Tanzania,#54a803
1303,Mary,Tucker,mtucker@eabox.com,,#782cb6
1304,Walter,Mendoza,wmendoza@camido.biz,Trinidad and Tobago,#298add
1305,James,Smith,jsmith@livetube.net,Gabon,#f2569c
1306,Mark,Miller,mmiller@feedfire.name,El Salvador,#1cf4a6
1307,Russell,Cruz,rcruz@dynabox.net,Ukraine,
1308,Katherine,Fuller,kfuller@podcat.biz,Moldova,#1e6882
1309,Melissa,Frazier,mfrazier@centizu.com,Qatar,#44ab08
1310,Beverly,Mcdonald,bmcdonald@edgeblab.mil,Montenegro,#e3fb5c
1311,Frances,Foster,ffoster@divavu.net,Togo,#473f60
1312,Joshua,Ramirez,jramirez@yodoo.biz,Slovakia,#fcaa82
1313,Alan,Wood,awood@oyoloo.info,Finland,#070c35
1314,Janet,Henry,jhenry@skippad.com,Venezuela,#858891
1315,Margaret,Coleman,mcoleman@aimbo.edu,Cape Verde,#982e5a
1316,Jeremy,Webb,jwebb@janyx.info,New Caledonia,#b2265f
1317,Ann,Gonzales,agonzales@yodel.edu,Finland,#ddf674
1318,Helen,Dixon,hdixon@skynoodle.net,Samoa,#abe883
1319,Jennifer,Lane,jlane@twiyo.mil,Cape Verde,#edf525
1320,Lori,Mccoy,lmccoy@topicware.info,Mexico,#5ff2a6
1321,Randy,Moore,rmoore@zoomzone.name,Madagascar,#654a00
1322,Cynthia,Frazier,cfrazier@rooxo.name,Bhutan,#ccffc9
1323,Chris,Weaver,cweaver@tagtune.info,Venezuela,#b5de70
1324,Samuel,Gonzales,sgonzales@rhynyx.biz,Saint Lucia,#6b3493
1325,Jane,Palmer,jpalmer@realcube.name,Samoa,#01596c
1326,Nicole,Carpenter,ncarpenter@dynazzy.info,El Salvador,#936df7
1327,Joshua,Miller,jmiller@livez.com,Argentina,#341f0b
1328,Jesse,Ryan,jryan@vipe.gov,Philippines,#c190f9
1329,Roger,Gordon,rgordon@linkbuzz.biz,Heard and McDonald Islands,#fa0cdc
1330,Anna,Meyer,ameyer@lazz.biz,Macedonia,#98ac3f
1331,Lisa,Gonzales,lgonzales@meeveo.mil,American Samoa,#b9a8bd
1332,Russell,Phillips,rphillips@thoughtmix.biz,Yugoslavia,#7d6aa3
1333,Marie,Marshall,mmarshall@twinder.gov,France,#423e87
1334,Harry,Chapman,hchapman@tagopia.biz,Lesotho,#33a3d8
1335,Albert,Stephens,astephens@rhynoodle.com,Burundi,#de7410
1336,Marilyn,Holmes,mholmes@nlounge.org,Algeria,#a22178
1337,Carolyn,Marshall,cmarshall@centidel.com,Lesotho,#67f224
1338,Lori,Harvey,lharvey@meeveo.edu,Suriname,#024ac9
1339,Steven,Morales,smorales@innoz.name,Christmas Island,#953b61
1340,Ashley,Carr,acarr@fivespan.org,Peru,#c9c4b2
1341,Amy,Medina,amedina@jetwire.name,Iran,#12dd29
1342,Ronald,Alexander,ralexander@kwinu.biz,South Africa,#74058a
1343,Todd,Olson,tolson@gabtune.biz,Wallis and Futuna Islands,#c803ec
1344,Gary,Wilson,gwilson@voolia.gov,Uganda,#355277
1345,Carol,Wagner,cwagner@fivechat.com,Sudan,#8ea545
1346,Juan,Andrews,jandrews@kazio.org,Malaysia,#0685d3
1347,Pamela,Hughes,phughes@kwinu.org,Western Sahara,#b91b19
1348,Robert,Young,ryoung@oyondu.org,San Marino,#c7cdc9
1349,Ralph,Black,rblack@oyoloo.name,"Congo, Democratic Republic of",#ec1fc2
1350,Billy,Stone,bstone@gigazoom.net,Kenya,#26f3eb
1351,Shawn,Mitchell,smitchell@riffwire.name,Tokelau,#1d92de
1352,Jessica,Richardson,jrichardson@skidoo.org,Central African Republic,#e864ba
1353,Pamela,Perkins,pperkins@skiba.edu,Tonga,#3dd498
1354,Paula,Fuller,pfuller@eamia.info,Ghana,#b28c5b
1355,Robin,Kennedy,rkennedy@edgetag.name,,#ca9c82
1356,Ryan,Kelly,rkelly@digitube.mil,Vanuatu,#a4a85d
1357,Sharon,Dixon,sdixon@yozio.biz,,#4ab9d1
1358,Irene,Evans,ievans@zoomdog.name,Tonga,#6ba154
1359,Billy,Kelly,bkelly@lazz.edu,"Congo, Democratic Republic of",#13ed62
1360,Paul,Moore,pmoore@dazzlesphere.info,Senegal,#a21058
1361,Lois,Johnson,ljohnson@skiba.name,Niue,#5040a2
1362,Jane,Sullivan,jsullivan@realbuzz.biz,Trinidad and Tobago,#ab5ac3
1363,Elizabeth,Pierce,epierce@wikizz.biz,Montserrat,#47458a
1364,Jeremy,Spencer,jspencer@avaveo.net,Ecuador,#c01dea
1365,Jessica,Harvey,jharvey@eabox.mil,Tunisia,#f08005
1366,Fred,Carr,fcarr@thoughtmix.info,Benin,#d23dce
1367,Maria,Green,mgreen@tambee.gov,Uganda,#9c23c0
1368,Rose,Scott,rscott@twitterworks.net,Hong Kong,#59b2b2
1369,Deborah,Frazier,dfrazier@midel.gov,Brunei Darussalam,#63bd12
1370,Keith,Mitchell,kmitchell@zoombeat.name,Latvia,#424271
1371,Ruth,Morris,rmorris@mudo.gov,Guinea-Bissau,#cee22d
1372,Marie,Lawson,mlawson@shufflester.name,France,#6885d7
1373,Jennifer,Chapman,jchapman@livetube.info,Iraq,#c69365
1374,Louise,Gardner,lgardner@realfire.mil,Netherlands Antilles,#88aa3a
1375,Steven,Stevens,sstevens@jabbertype.mil,Bangladesh,#3918f7
1376,Steven,George,sgeorge@thoughtsphere.edu,Guyana,#8f8bd1
1377,Arthur,Wright,awright@babbleblab.edu,Svalbard and Jan Mayen Islands,#53ec48
1378,Wayne,Lewis,wlewis@jayo.info,Austria,#3bdeb2
1379,Sean,Elliott,selliott@avaveo.mil,Libya,#746b3b
1380,Sean,Ramos,sramos@shuffledrive.gov,Maldives,#ccabb3
1381,Justin,Nguyen,jnguyen@realfire.org,"Palestinian Territory, Occupied",#0604d5
1382,Billy,Sullivan,bsullivan@yoveo.biz,Guam,#e72564
1383,Jennifer,Hansen,jhansen@quatz.org,Pitcairn Island,#3f1d89
1384,Alice,Alexander,aalexander@vinder.com,Vatican City State (Holy See),#c168ec
1385,Jack,Turner,jturner@pixoboo.info,Antarctica,#a40b1f
1386,Denise,Jackson,djackson@photofeed.gov,Brazil,#0d856d
1387,Michael,Williams,mwilliams@ozu.edu,Jersey,#2eecff
1388,Daniel,Coleman,dcoleman@thoughtmix.net,Heard and McDonald Islands,#81c27f
1389,Bruce,Taylor,btaylor@voonyx.com,Armenia,#b32d0a
1390,Richard,Perry,rperry@muxo.name,French Southern Territories,#f7d74d
1391,Chris,Johnston,cjohnston@gabtype.gov,Armenia,#120814
1392,Ann,Fowler,afowler@mita.edu,New Zealand,#f43774
1393,David,Powell,dpowell@aimbo.mil,French Southern Territories,#116f08
1394,James,Bishop,jbishop@vinte.edu,Kiribati,#040320
1395,Eugene,White,ewhite@avamm.org,Maldives,#262d73
1396,Anthony,Schmidt,aschmidt@jabbersphere.net,Cyprus,#555b03
1397,Richard,Gordon,rgordon@lazz.org,Hungary,#2a8b55
1398,Alice,Walker,awalker@skaboo.com,Montserrat,#574442
1399,Sandra,Adams,sadams@babbleopia.com,Singapore,#05343f
1400,Keith,Carter,kcarter@dabtype.edu,Romania,#2f2768
1401,Heather,Ford,hford@innoz.biz,,#fb5127
1402,Patricia,Rogers,progers@oyoyo.info,Bahamas,#d32308
1403,Nancy,Hamilton,nhamilton@yodo.edu,Bhutan,#041c05
1404,Lillian,Hunter,lhunter@trudeo.gov,Andorra,#45acfd
1405,Earl,Kelly,ekelly@avamba.biz,Norfolk Island,#322db5
1406,Tina,Hanson,thanson@vinder.edu,Bermuda,#d0084c
1407,Charles,Reyes,creyes@topicblab.info,Cuba,#034b19
1408,Amy,Bailey,abailey@skinder.com,Norfolk Island,#d92be6
1409,Jessica,Jackson,jjackson@skyvu.net,Malawi,#c793ab
1410,Steve,Wheeler,swheeler@wikido.com,Falkland Islands (Malvinas),#21c0ac
1411,Albert,Mitchell,amitchell@kwilith.org,Morocco,#68e557
1412,Deborah,Henry,dhenry@photospace.edu,Barbados,#01fb9c
1413,Eric,Harrison,eharrison@trudoo.mil,Uzbekistan,#bbf78d
1414,Norma,Watson,nwatson@realcube.biz,Vanuatu,#bcc0fe
1415,Donna,Larson,dlarson@tagfeed.mil,Bhutan,#3ee233
1416,Bobby,Chavez,bchavez@meevee.info,Brunei Darussalam,#6d5c23
